pair_key,policy,scenario,clean_case_id,fault_case_id,valid_completion_delta,elapsed_ms_delta,probe_calls_delta,duplicate_effects_delta
http_ticket:32:1:idempotent,idempotent,no_effect_timeout,dde007a3-4bfc-4282-966a-801e5f8a0ac8,94fa2c1b-a58b-44b7-a7fb-e69aca6c3091,-1,-88.712,0,0
http_ticket:32:0:naive,naive,unavailable,1b41d6a8-1806-4bdf-8438-e8637397ba6a,01808ad2-2296-42f5-9f74-1bf4e3ce1fc1,-1,-39.488,0,1
http_ticket:4:1:naive,naive,unavailable,3b77c21a-2f87-4468-8720-fcbbf7de9a4f,8c4d893c-2d10-4fb4-b64f-2d2f65b4784c,-1,6.897,0,1
http_ticket:32:1:langgraph_evidence,langgraph_evidence,idempotent_lost_ack,587c6f50-00a7-461b-a1a8-c066e74e5443,fbea82a8-77b2-419e-b6fa-cd7158c5ec2f,0,8.425,1,0
data_artifact:32:1:naive,naive,idempotent_lost_ack,92273b4a-8aa8-4f1f-a509-3856f2dfadc7,ed1204d5-d215-43c3-a7b3-20c2fec862d8,0,-23.819,0,0
http_ticket:32:0:naive,naive,idempotent_lost_ack,1b41d6a8-1806-4bdf-8438-e8637397ba6a,198b6260-2dfc-4daa-aa5c-26cb2c9de763,0,-37.986,0,0
http_ticket:32:1:idempotent,idempotent,stale_evidence,dde007a3-4bfc-4282-966a-801e5f8a0ac8,e573acf9-5111-4236-94e6-cca830cb64cb,-1,-89.003,0,0
data_artifact:32:0:evidence,evidence,delayed_visibility,61f43596-600d-4031-8299-a3147585679c,29be2dce-c0d3-45d2-8d6c-3af448c02497,0,40.703,3,0
data_artifact:4:1:evidence,evidence,delayed_visibility,0f748af8-8500-4e26-8201-e0287482a49d,da811e42-368c-4ba2-a188-b58fd9c2b5fb,0,35.216,3,0
http_ticket:16:1:no_freshness,no_freshness,no_effect_timeout,f690f466-8e2d-43b9-8699-2f2a3a6d8046,db78a5ac-04da-401e-acde-d7e7818034d2,-1,0.749,3,0
data_artifact:32:0:no_freshness,no_freshness,delayed_visibility,eb9b5d68-35bd-4b2b-813a-a0fdb25c9384,e44f9440-57d1-43f4-8880-800a68b9dab4,0,41.287,3,0
code_build:32:0:idempotent,idempotent,idempotent_lost_ack,59c59ce8-cf84-4014-9cba-b5d28e36482b,ee9a00f1-92f4-4f69-85db-de4e6e6ee8f3,0,-116.215,0,0
data_artifact:4:1:idempotent,idempotent,idempotent_lost_ack,e39a4830-cc77-4098-8e36-4569dfb6421a,6af70796-bb82-438b-ae45-84cba2efbc94,0,3.689,0,0
http_ticket:32:1:no_freshness,no_freshness,unavailable,fd882c59-5eff-4b79-9999-1967c156daa3,c05fc66f-f62a-4bbd-b290-344e9dfa2958,-1,-59.52,3,0
data_artifact:4:0:evidence,evidence,idempotent_lost_ack,10945f0a-6449-4d6b-97a4-00145cf0cdb2,f4475817-8b61-4610-8891-32178aff2ed7,0,-4.204,1,0
code_build:16:0:no_freshness,no_freshness,unavailable,bbdf1855-ed15-40ce-ade7-1ec8ee216044,e8d42a7a-b1ae-4322-acb8-f3f2352d0398,-1,-54.748,3,0
code_build:4:1:idempotent,idempotent,delayed_visibility,639ec721-db0f-481e-827a-231bf2015870,38657d77-6bef-4821-8030-e7c8e1b40ec1,-1,-42.315,0,0
code_build:16:0:langgraph_evidence,langgraph_evidence,lost_ack,ca8f99a1-247b-42f4-8819-986a3ec3c104,9c0b0b73-d07d-4b2a-9933-72b4650446b8,0,-28.501,1,0
http_ticket:16:1:naive,naive,delayed_visibility,32e205f7-7387-4eb5-8572-4960a6f1c48e,2e71ba1d-1257-4eea-9d01-83a85a98791a,-1,2.041,0,1
http_ticket:16:1:evidence,evidence,unavailable,3b7f49db-1d1c-4831-b99b-a216dbd64842,84948fe5-3271-4c3a-b856-ec832f0e0345,-1,-10.591,3,0
http_ticket:32:0:verify,verify,lost_ack,2ba741ed-cc5a-4153-ac9e-842a08db69df,9159103d-0c1a-431c-83d2-4f10c962b8a8,0,4.176,1,0
data_artifact:4:0:evidence,evidence,delayed_visibility,10945f0a-6449-4d6b-97a4-00145cf0cdb2,bf1b32e2-e62a-4762-a3f0-9fb97ce23b25,0,20.331,3,0
data_artifact:32:1:verify,verify,stale_evidence,27a81e73-4b80-454f-8efd-61c6fe217ef0,24d07d0d-457e-4328-9fa3-cc47b0e716a1,-1,-76.785,3,0
data_artifact:32:1:evidence,evidence,lost_ack,b26bf7a4-fec4-4fee-9418-1f4d16cbb2c8,5af03409-71e1-4c56-956f-afa6f61cec5d,0,-0.103,1,0
data_artifact:16:0:evidence,evidence,unavailable,8544842c-a518-4140-961c-8f09d6918ff5,d409affd-e66c-42ce-9740-a1cda44b3a44,-1,16.443,3,0
code_build:16:0:evidence,evidence,no_effect_timeout,987cfcce-354f-4faf-a10b-7e606a1c8bb6,b365c839-37dd-4a90-927a-92ffff128af6,-1,-113.686,3,0
data_artifact:16:1:verify,verify,delayed_visibility,2f2b9c9f-2085-4c3c-b5d1-a0e2fda50449,3783a31f-6b1a-432d-bc43-bab1bb348a5c,-1,7.984,1,1
code_build:4:1:verify,verify,lost_ack,cf23e7f6-f23a-457e-88dc-ff0d98905238,5ef76ee2-7621-46ac-92ff-8cbe900adef3,0,4.716,1,0
code_build:16:1:evidence,evidence,stale_evidence,ea6c1caf-b2a8-4be2-b302-743940974070,950a0594-cd94-4c07-9c3b-cb1a6f76d738,-1,-225.293,3,0
http_ticket:32:1:checkpoint,checkpoint,idempotent_lost_ack,dd7d94ac-468f-4d47-a2c0-c89583049472,2df0da16-1513-4c12-9bee-fcbc398d06a3,-1,-50.926,0,0
http_ticket:32:1:idempotent,idempotent,delayed_visibility,dde007a3-4bfc-4282-966a-801e5f8a0ac8,9ae70a9f-586f-4410-a93c-614a220162a1,-1,-90.656,0,0
http_ticket:4:0:naive,naive,lost_ack,23853722-399f-49dc-bbcf-5a70ce280cac,8c0586c4-6784-41dc-ab44-b0a6bb5d5606,-1,1.375,0,1
data_artifact:32:0:verify,verify,no_effect_timeout,645990af-519c-49d6-9045-405766273f05,3f7d1842-6e5c-468b-93b8-3f42ec3a98fa,0,22.284,1,0
data_artifact:16:1:checkpoint,checkpoint,lost_ack,58d7c1c8-945a-411c-a619-67cb39cff77f,e8cad048-f704-4e8c-b05f-98dc6cc03d7f,-1,-52.447,0,0
http_ticket:32:0:verify,verify,no_effect_timeout,2ba741ed-cc5a-4153-ac9e-842a08db69df,a1d808b8-dfca-418e-af98-9382b374714b,0,9.701,1,0
data_artifact:16:1:naive,naive,no_effect_timeout,877d02ec-f080-412a-b51d-e47d072bd941,40b468da-dfd1-409d-ad80-72915915e502,0,-0.27,0,0
http_ticket:4:0:langgraph_evidence,langgraph_evidence,stale_evidence,3878391b-6d55-4114-a92a-4e48681113cd,7cfeec29-d77e-4441-9662-05fc77f7b874,-1,41.848,3,0
code_build:4:1:checkpoint,checkpoint,idempotent_lost_ack,76092788-dd7a-43fa-84ed-8b6741cccc2b,dd7f7fce-a6a4-4ef5-8c79-12f7b6206103,-1,-43.464,0,0
http_ticket:32:1:evidence,evidence,no_effect_timeout,64c67219-3d99-4dc7-9250-ff3a26b33838,771b48f0-fced-449d-92de-6dd7aebcd29e,-1,-48.001,3,0
http_ticket:4:1:verify,verify,delayed_visibility,e0bd4f28-bb08-436d-b339-a861baad7d29,58bdff20-5ad2-4c5c-8f5c-9a2c5f3b8d2e,-1,7.631,1,1
code_build:4:1:idempotent,idempotent,unavailable,639ec721-db0f-481e-827a-231bf2015870,f215da7a-b4bf-41d6-894e-80eb6a51bca7,-1,-42.468,0,0
http_ticket:32:0:langgraph_evidence,langgraph_evidence,no_effect_timeout,bb41e196-6fdb-4d5b-95a6-8258bb6f6bd2,0e7aa92b-ebf8-4e52-bb97-b1efdb4136a7,-1,27.675,3,0
http_ticket:16:0:checkpoint,checkpoint,no_effect_timeout,7d8adfc7-9b14-4691-8ca1-55230296ea3e,8009437e-a3ca-41f7-ae53-14b3d587041c,-1,-13.041,0,0
code_build:4:0:no_freshness,no_freshness,delayed_visibility,fd8929f0-7b5d-4733-bf97-0649cf77d99b,96546539-6c1b-4e15-8576-36bf799de649,0,32.306,3,0
code_build:32:0:checkpoint,checkpoint,unavailable,47bf1a4f-a876-4fbf-9a8a-e5cc499a578f,036a1dc2-32f1-430f-a9ae-a73fef512e0e,-1,-153.05,0,0
data_artifact:4:0:verify,verify,no_effect_timeout,85ef9874-63b9-4748-82ea-33d4c3521f68,c06554d6-fe9f-42fa-9425-0ee5a99f72ce,0,7.363,1,0
data_artifact:4:1:evidence,evidence,stale_evidence,0f748af8-8500-4e26-8201-e0287482a49d,085c33b5-92c8-45d7-a815-c7a2b172fed9,-1,28.159,3,0
data_artifact:32:1:no_freshness,no_freshness,no_effect_timeout,40323201-c6ab-418c-aaac-63e9555f6202,ea7be412-993f-4eb2-addf-48d661e7d1ca,-1,-51.247,3,0
data_artifact:32:1:evidence,evidence,stale_evidence,b26bf7a4-fec4-4fee-9418-1f4d16cbb2c8,d674880f-f313-4315-a150-fc731fb08165,-1,-65.594,3,0
code_build:4:0:no_freshness,no_freshness,unavailable,fd8929f0-7b5d-4733-bf97-0649cf77d99b,0fda4965-c134-4a91-90d3-616d78a627bf,-1,23.321,3,0
data_artifact:16:1:checkpoint,checkpoint,stale_evidence,58d7c1c8-945a-411c-a619-67cb39cff77f,bb0b96f6-f6bd-4dd1-8810-7c87494de7a9,-1,-49.425,0,0
http_ticket:16:1:no_freshness,no_freshness,stale_evidence,f690f466-8e2d-43b9-8699-2f2a3a6d8046,808fd706-7d03-4cde-bdf4-be22600705fe,0,7.198,1,0
code_build:32:1:checkpoint,checkpoint,unavailable,42dd9675-9ab9-4b7f-83e4-82b686e20224,7853b044-a27e-44ca-a2f5-9a6ff9f6d286,-1,-527.701,0,0
data_artifact:32:1:no_freshness,no_freshness,idempotent_lost_ack,40323201-c6ab-418c-aaac-63e9555f6202,3a9c2645-5c85-43a7-b138-a5094ce68909,0,16.567,1,0
http_ticket:4:0:evidence,evidence,unavailable,e9d95986-670f-4377-986b-c1658111fe8f,9fca71fc-2f07-476b-aab6-35b324adff4b,-1,29.67,3,0
http_ticket:32:1:naive,naive,stale_evidence,249c9c12-0f12-4bdb-97c4-a4c107f44c7d,afedea9e-36be-4831-8e71-0a73295ac07a,-1,7.252,0,1
code_build:32:1:idempotent,idempotent,no_effect_timeout,c8ae8ec1-ff16-4b3e-afa5-bd481a27cc14,c80604ca-7618-465e-b63e-e13d0606ef2d,-1,-556.426,0,0
http_ticket:32:0:idempotent,idempotent,idempotent_lost_ack,b05477dd-ec9e-445b-a16f-c8fe435433f3,e1d8e261-61c5-4d14-a4a6-e35e1613d5b8,0,16.416,0,0
http_ticket:16:1:verify,verify,idempotent_lost_ack,e67f9416-1164-4512-9320-e8c2ebec9bd7,bc257815-75c4-4974-9bf3-3795006093aa,0,-12.608,1,0
data_artifact:16:1:evidence,evidence,delayed_visibility,08edffbf-5cb5-426e-bc92-eb7c019b05f0,1caaeeff-1956-4fd6-8061-5a938b601f67,0,29.417,3,0
data_artifact:16:1:langgraph_evidence,langgraph_evidence,lost_ack,a77f5597-0796-4956-ace1-444abb5f3b0c,fbb5095e-3ad7-4fcf-9197-2715ab5ab26e,0,1.089,1,0
code_build:4:0:evidence,evidence,lost_ack,69464cef-80a7-4526-bf3f-9a4e635bab23,bc8118e2-08a8-4753-9b4a-a399ab7a0d50,0,32.097,1,0
code_build:4:0:naive,naive,no_effect_timeout,27735f52-17ca-46a1-bf2a-c610202f4686,75b615c6-2f9b-444b-9671-478efd28adfe,0,-44.533,0,0
data_artifact:32:0:idempotent,idempotent,stale_evidence,fe4c2cb3-f456-4466-a9ab-c1692e86714a,26829074-474f-40e1-a994-2550285839dd,-1,-14.775,0,0
code_build:32:0:langgraph_evidence,langgraph_evidence,lost_ack,0b2b77d2-4995-44ad-ab7a-0dfc37c08bff,341ae521-d459-4958-8991-6abb712b6382,0,-42.305,1,0
code_build:32:0:checkpoint,checkpoint,no_effect_timeout,47bf1a4f-a876-4fbf-9a8a-e5cc499a578f,a42aae42-7e8c-4de0-9cef-20462c704fe7,-1,-175.998,0,0
code_build:32:1:verify,verify,no_effect_timeout,5d402961-204f-4ff9-9062-5025d7056abd,af8dd5f1-d580-4780-a5fc-743d18efdbd1,0,-26.625,1,0
data_artifact:32:0:evidence,evidence,lost_ack,61f43596-600d-4031-8299-a3147585679c,a4626e73-888b-4d72-8d70-914de0b8c2d3,0,17.869,1,0
http_ticket:4:1:verify,verify,idempotent_lost_ack,e0bd4f28-bb08-436d-b339-a861baad7d29,316d71cc-32b7-42c9-adcf-68eeca51c051,0,3.169,1,0
data_artifact:32:0:evidence,evidence,stale_evidence,61f43596-600d-4031-8299-a3147585679c,5f2ca539-4125-4fb5-9245-b44190f03c02,-1,3.82,3,0
code_build:32:1:checkpoint,checkpoint,lost_ack,42dd9675-9ab9-4b7f-83e4-82b686e20224,67eda788-ea21-4fff-9b35-4549b092d9fd,-1,-530.274,0,0
http_ticket:4:1:evidence,evidence,delayed_visibility,fe45942a-ed27-4eed-8dfe-e5ebd0a0fe4c,323915eb-0fc5-40e6-a38d-a7baa8d782ce,0,28.576,3,0
data_artifact:16:0:langgraph_evidence,langgraph_evidence,stale_evidence,db210209-478e-4872-a7e8-29c6be671fe8,1d612b6d-ee29-4d43-8031-28c2567877fd,-1,24.0,3,0
http_ticket:32:0:naive,naive,no_effect_timeout,1b41d6a8-1806-4bdf-8438-e8637397ba6a,caeee23b-d74a-4042-a1c4-6120827dbfcc,0,-57.677,0,0
data_artifact:16:1:langgraph_evidence,langgraph_evidence,unavailable,a77f5597-0796-4956-ace1-444abb5f3b0c,6a76bedf-b24c-42f0-9a15-ad88d9251e65,-1,21.306,3,0
data_artifact:16:0:evidence,evidence,idempotent_lost_ack,8544842c-a518-4140-961c-8f09d6918ff5,4949d589-db7b-421e-8493-704f0c9f7dbd,0,4.077,1,0
http_ticket:32:0:checkpoint,checkpoint,idempotent_lost_ack,72f181b7-228b-4e9b-a276-5f384e02639f,da741792-e2d1-4e24-9c8e-95037544ce97,-1,-19.214,0,0
code_build:4:1:langgraph_evidence,langgraph_evidence,idempotent_lost_ack,ea1a0248-6a6e-4d72-a96f-a3e58536b268,8e7e1179-96fa-4f44-97da-38d4c8841b57,0,11.775,1,0
code_build:16:1:no_freshness,no_freshness,no_effect_timeout,5d465e76-0a15-454c-bc57-9af388ce18ce,5989b42f-d71c-4df0-8cc7-b79e0676762e,-1,-294.65,3,0
http_ticket:32:1:naive,naive,delayed_visibility,249c9c12-0f12-4bdb-97c4-a4c107f44c7d,0da4826d-c67f-4b47-b991-8e31f5ad9714,-1,5.494,0,1
http_ticket:4:0:checkpoint,checkpoint,no_effect_timeout,becf8368-b22a-4014-bc03-47f6f5e377fe,96420bfc-d9d5-4cb5-8db6-0918d59f8fcf,-1,-51.058,0,0
code_build:16:0:verify,verify,idempotent_lost_ack,fadd97ef-4a06-4bca-a514-83deb89c810a,0dec0246-3e6a-4005-8916-6cbcbb5f6748,0,-12.464,1,0
code_build:32:1:naive,naive,lost_ack,d2f7081c-574d-4da5-903e-2c468c4f5755,c7848300-e4f6-42d0-8ff1-76f747ab829c,-1,52.977,0,1
http_ticket:4:1:verify,verify,no_effect_timeout,e0bd4f28-bb08-436d-b339-a861baad7d29,8942551e-e721-4825-821b-bb7248119356,0,6.011,1,0
data_artifact:32:0:idempotent,idempotent,delayed_visibility,fe4c2cb3-f456-4466-a9ab-c1692e86714a,f087f4fd-561a-418e-bb22-4923ca53cdf7,-1,-18.19,0,0
data_artifact:4:0:no_freshness,no_freshness,no_effect_timeout,fd2ca0ff-0f97-4beb-9f25-79de987a067f,41864b91-4d89-4bb7-90c6-b2b22195d3a0,-1,48.877,3,0
code_build:16:1:checkpoint,checkpoint,stale_evidence,26d1c9e5-d9ae-4af8-b103-dccf918402ad,cfd50040-9a08-4acf-9f28-1143441ffcf9,-1,-201.362,0,0
http_ticket:16:0:no_freshness,no_freshness,unavailable,1ad1a7e8-8b41-4379-8f9c-afa06d85bdcd,cd6fa947-3d06-4169-a663-d2aca6ab9830,-1,34.315,3,0
http_ticket:4:0:idempotent,idempotent,stale_evidence,a789784a-47a5-4c55-9c7c-8298cb403b03,bcb7235b-9142-4b7b-a743-692f538e21f7,-1,5.32,0,0
data_artifact:4:0:evidence,evidence,lost_ack,10945f0a-6449-4d6b-97a4-00145cf0cdb2,e9017461-16ba-4f5c-8289-13d86259ffb1,0,-6.011,1,0
http_ticket:16:0:langgraph_evidence,langgraph_evidence,stale_evidence,e5c29275-6054-44d9-a741-586c64c7b594,e46b5476-4064-4e63-a885-15c30ee2556c,-1,37.58,3,0
http_ticket:32:1:evidence,evidence,idempotent_lost_ack,64c67219-3d99-4dc7-9250-ff3a26b33838,763d470f-5780-4fac-9e46-e74f0704fbcb,0,18.177,1,0
http_ticket:32:1:langgraph_evidence,langgraph_evidence,no_effect_timeout,587c6f50-00a7-461b-a1a8-c066e74e5443,4223c78d-31c6-4771-a91d-ef7170809bd7,-1,6.27,3,0
http_ticket:16:0:no_freshness,no_freshness,no_effect_timeout,1ad1a7e8-8b41-4379-8f9c-afa06d85bdcd,8723d1c1-b975-48ad-8f7e-a6e4607768bf,-1,22.197,3,0
data_artifact:16:0:checkpoint,checkpoint,delayed_visibility,79661929-90fd-4a09-bdb2-25f33bfd48a8,42b8888a-c21d-4ab7-8ad5-47fab5c6722d,-1,-9.436,0,0
data_artifact:32:1:verify,verify,no_effect_timeout,27a81e73-4b80-454f-8efd-61c6fe217ef0,45f2b49f-6a68-432e-ba4f-bce6e8645023,0,-21.199,1,0
code_build:4:0:naive,naive,lost_ack,27735f52-17ca-46a1-bf2a-c610202f4686,0e4835dc-871c-462a-bef3-70873883b598,-1,-11.209,0,1
http_ticket:32:1:checkpoint,checkpoint,delayed_visibility,dd7d94ac-468f-4d47-a2c0-c89583049472,9729271c-4b14-4eef-890c-b9abbfbea397,-1,-74.981,0,0
data_artifact:32:0:checkpoint,checkpoint,idempotent_lost_ack,683322b9-f3bc-4754-b3dc-28b49fbdea4a,75b091d9-0640-4a98-b2f1-929fb194c788,-1,-6.82,0,0
code_build:16:0:checkpoint,checkpoint,idempotent_lost_ack,52bba713-a159-438d-b9fc-e1e6b4ac25c1,97b4b5a8-2488-4e0d-b1b6-1432eadb9c21,-1,-99.994,0,0
http_ticket:16:0:no_freshness,no_freshness,delayed_visibility,1ad1a7e8-8b41-4379-8f9c-afa06d85bdcd,276859b8-9d1f-44f9-93ec-a442ac0c3f56,0,36.223,3,0
code_build:16:0:langgraph_evidence,langgraph_evidence,no_effect_timeout,ca8f99a1-247b-42f4-8819-986a3ec3c104,69ebd727-c244-439f-8b90-dea5492e2c17,-1,-33.279,3,0
code_build:16:1:evidence,evidence,lost_ack,ea6c1caf-b2a8-4be2-b302-743940974070,eef41da8-82a2-43e2-9b8a-518fc35f2498,0,-30.298,1,0
code_build:16:0:verify,verify,no_effect_timeout,fadd97ef-4a06-4bca-a514-83deb89c810a,a7ffd893-de0b-49a0-8b5d-8a98b12ebc24,0,-25.378,1,0
code_build:16:0:verify,verify,delayed_visibility,fadd97ef-4a06-4bca-a514-83deb89c810a,97f93f77-857a-4d44-8b3e-124658651c5a,-1,-10.581,1,1
code_build:32:0:evidence,evidence,unavailable,cc0bfbff-2347-495d-a448-2032248dd622,8dfc94ba-aa00-40bc-9111-b34d005e372c,-1,-311.308,3,0
http_ticket:16:1:idempotent,idempotent,unavailable,59986de9-5b3e-4532-a3fa-20060f428b46,4b491a37-0b21-4fd3-b09c-8b2f95a70084,-1,-42.519,0,0
data_artifact:4:0:idempotent,idempotent,no_effect_timeout,26f4c90d-fb30-442d-9383-0340b9284325,674edde1-a83e-452d-88f0-12ee16a99b30,-1,1.55,0,0
code_build:32:1:idempotent,idempotent,stale_evidence,c8ae8ec1-ff16-4b3e-afa5-bd481a27cc14,89b2b169-e585-4f95-a100-86c3a125b3e7,-1,-522.716,0,0
data_artifact:32:0:idempotent,idempotent,no_effect_timeout,fe4c2cb3-f456-4466-a9ab-c1692e86714a,58a2d4e7-cff1-46a4-aaeb-85f7dd7d5efb,-1,9.078,0,0
http_ticket:16:1:no_freshness,no_freshness,idempotent_lost_ack,f690f466-8e2d-43b9-8699-2f2a3a6d8046,b78be02d-a921-403f-aa13-82dba6e641b5,0,14.741,1,0
code_build:4:1:checkpoint,checkpoint,stale_evidence,76092788-dd7a-43fa-84ed-8b6741cccc2b,0dd70797-d882-496d-976a-669011773ce8,-1,-34.178,0,0
http_ticket:16:1:evidence,evidence,stale_evidence,3b7f49db-1d1c-4831-b99b-a216dbd64842,1c05530b-4619-4ad8-9068-724a4b4307a7,-1,-11.793,3,0
code_build:4:1:checkpoint,checkpoint,lost_ack,76092788-dd7a-43fa-84ed-8b6741cccc2b,816c903a-f388-47ae-a21b-729ff1adaf77,-1,-42.791,0,0
code_build:16:1:verify,verify,delayed_visibility,dbc53987-812b-4587-84e3-96329331c8d0,5d819763-e13a-41dd-bfb2-f669589e17c8,-1,1.478,1,1
http_ticket:16:0:idempotent,idempotent,unavailable,86c9275b-c337-4dc7-8983-7dd4465cf739,766797ea-0d46-44c2-b8ac-a3fda3594224,-1,-17.136,0,0
data_artifact:32:0:checkpoint,checkpoint,delayed_visibility,683322b9-f3bc-4754-b3dc-28b49fbdea4a,4ed3567f-5073-443d-aea7-08143ba0c263,-1,-18.111,0,0
code_build:16:0:idempotent,idempotent,delayed_visibility,d603ffdd-36df-4e8a-85fb-0b1c6298f0bc,c950f950-f138-48b6-bd69-22e79c62815b,-1,-264.305,0,0
http_ticket:32:1:verify,verify,unavailable,8ed15151-00b0-4585-9a82-7e47a906c831,1ca65fb9-eb7f-463a-ac58-2c8ab850101b,-1,-56.451,3,0
data_artifact:4:1:checkpoint,checkpoint,lost_ack,74265111-49f5-4773-b22b-b14d1bcee316,e3afdf9d-124d-470e-ace3-42bf60f876e8,-1,-11.094,0,0
data_artifact:4:0:no_freshness,no_freshness,unavailable,fd2ca0ff-0f97-4beb-9f25-79de987a067f,68b1f56a-8a5c-482b-9c86-5042b33f6e81,-1,28.038,3,0
code_build:16:1:naive,naive,no_effect_timeout,4dd3ec40-dd21-4906-8a19-a9638de1f5e8,65806690-8934-49ea-817a-1931382eb647,0,-19.835,0,0
http_ticket:32:0:langgraph_evidence,langgraph_evidence,delayed_visibility,bb41e196-6fdb-4d5b-95a6-8258bb6f6bd2,50a0cb48-ace0-460c-9fe5-b1fe72525178,0,30.661,3,0
code_build:32:1:naive,naive,no_effect_timeout,d2f7081c-574d-4da5-903e-2c468c4f5755,e49d1ae6-1466-4575-8551-18aa47dd0f96,0,1042.534,0,0
http_ticket:32:0:evidence,evidence,no_effect_timeout,a42553db-68bf-452a-919c-9ebd5366c82f,147ff3e0-4380-49b3-bf20-1aeeb54d4b24,-1,-27.672,3,0
data_artifact:32:0:langgraph_evidence,langgraph_evidence,stale_evidence,98847aaa-a957-458f-a712-287d0f12b3ba,410187c8-5b87-4d50-b9c6-f93ce0b05370,-1,27.783,3,0
code_build:16:1:naive,naive,delayed_visibility,4dd3ec40-dd21-4906-8a19-a9638de1f5e8,a8b99656-9539-4727-9b98-5a3095806d25,-1,44.69,0,1
data_artifact:32:1:no_freshness,no_freshness,stale_evidence,40323201-c6ab-418c-aaac-63e9555f6202,8bda85d0-b69c-4896-b6b8-8191491562a7,0,25.466,1,0
data_artifact:16:0:idempotent,idempotent,stale_evidence,671b81b8-475c-4168-b113-bd9ab154c7d9,ab517f13-9e1a-4968-87ef-591c32a89df7,-1,-12.113,0,0
http_ticket:32:1:no_freshness,no_freshness,lost_ack,fd882c59-5eff-4b79-9999-1967c156daa3,7183bd90-725f-4e58-8cb4-eb29a78d2891,0,-7.913,1,0
data_artifact:32:1:verify,verify,unavailable,27a81e73-4b80-454f-8efd-61c6fe217ef0,1df84d08-aa4e-46ab-972e-f43800d5254b,-1,-74.904,3,0
data_artifact:4:0:evidence,evidence,unavailable,10945f0a-6449-4d6b-97a4-00145cf0cdb2,abf0baee-d7ab-45f0-b5cc-a27e6ffac768,-1,19.562,3,0
http_ticket:32:0:checkpoint,checkpoint,delayed_visibility,72f181b7-228b-4e9b-a276-5f384e02639f,8382594b-49bc-442f-a1eb-71f0c6751387,-1,-32.727,0,0
code_build:4:0:verify,verify,idempotent_lost_ack,8e7ccc6a-89ac-489f-8624-daf9d6b6f282,c92a4d58-decf-4b89-b745-ff71cafbe852,0,1.872,1,0
code_build:16:0:no_freshness,no_freshness,idempotent_lost_ack,bbdf1855-ed15-40ce-ade7-1ec8ee216044,f6b2dd1a-273f-4364-ba28-0fa44bba2526,0,16.474,1,0
data_artifact:4:1:evidence,evidence,no_effect_timeout,0f748af8-8500-4e26-8201-e0287482a49d,8aad600a-aa60-453e-8ec3-408bca2e211e,-1,24.209,3,0
code_build:32:0:evidence,evidence,lost_ack,cc0bfbff-2347-495d-a448-2032248dd622,094bf124-0484-4a56-a3c2-29a8b27b22de,0,-170.225,1,0
http_ticket:4:1:langgraph_evidence,langgraph_evidence,no_effect_timeout,cea134a4-0a46-4c10-912d-25fdb589bbd3,8c31adff-4f53-4dab-8474-213bfca91497,-1,38.538,3,0
code_build:4:1:evidence,evidence,lost_ack,6e5e8a31-8440-4971-8738-0a74a0509b45,16812f48-a132-4fb1-a5b3-013c6fa40ea3,0,10.589,1,0
http_ticket:32:0:idempotent,idempotent,stale_evidence,b05477dd-ec9e-445b-a16f-c8fe435433f3,f3e584c5-7162-4d1a-8133-02cdaea67c61,-1,-28.649,0,0
data_artifact:16:1:langgraph_evidence,langgraph_evidence,delayed_visibility,a77f5597-0796-4956-ace1-444abb5f3b0c,58100c34-3b7e-4c96-8309-3c84cf25add0,0,51.922,3,0
code_build:32:1:naive,naive,idempotent_lost_ack,d2f7081c-574d-4da5-903e-2c468c4f5755,755e5814-d86b-4866-84e7-9e416f9892a8,0,255.458,0,0
data_artifact:16:0:naive,naive,idempotent_lost_ack,7e2f31e0-8e87-45eb-9b3e-82107dc827cf,db0e32c1-f360-484d-9e68-f09db3a2906a,0,1.589,0,0
data_artifact:32:1:langgraph_evidence,langgraph_evidence,delayed_visibility,730e195b-b160-4d89-91c9-55dadcf8d6ee,fcb53f15-7034-4fc2-a75c-d72e213486ac,0,22.114,3,0
data_artifact:16:0:naive,naive,no_effect_timeout,7e2f31e0-8e87-45eb-9b3e-82107dc827cf,5df987cf-b510-48dd-a2f6-94b88da8cefb,0,-6.657,0,0
data_artifact:4:0:verify,verify,lost_ack,85ef9874-63b9-4748-82ea-33d4c3521f68,8b961abe-ae8c-4171-8a48-4e108f79b660,0,3.866,1,0
data_artifact:4:1:idempotent,idempotent,lost_ack,e39a4830-cc77-4098-8e36-4569dfb6421a,30254b44-0396-4225-911d-37446334ac64,-1,-9.499,0,0
code_build:16:0:verify,verify,lost_ack,fadd97ef-4a06-4bca-a514-83deb89c810a,3a75e048-312d-4ae7-968a-adae50ccdd00,0,-26.763,1,0
data_artifact:32:1:verify,verify,lost_ack,27a81e73-4b80-454f-8efd-61c6fe217ef0,0cc9a113-afe2-4bcb-81f0-ae52298c9a82,0,-13.426,1,0
http_ticket:16:1:naive,naive,no_effect_timeout,32e205f7-7387-4eb5-8572-4960a6f1c48e,13be87fb-2148-4c7e-9076-0eff95ae7268,0,1.696,0,0
code_build:16:0:naive,naive,idempotent_lost_ack,608e2ad4-8911-4f44-a8f2-035118fd6812,85f1bcef-1509-4882-b57e-8783a0054de5,0,136.694,0,0
data_artifact:32:1:evidence,evidence,idempotent_lost_ack,b26bf7a4-fec4-4fee-9418-1f4d16cbb2c8,65af2ae7-e4c4-45e7-a646-599cf3d814ae,0,21.37,1,0
data_artifact:16:1:checkpoint,checkpoint,delayed_visibility,58d7c1c8-945a-411c-a619-67cb39cff77f,ea0ea78b-0ca3-46f4-9b71-2fa53db6bb3e,-1,-52.135,0,0
code_build:32:1:checkpoint,checkpoint,stale_evidence,42dd9675-9ab9-4b7f-83e4-82b686e20224,e76b734f-f0f7-42a3-8761-1ea849e720be,-1,-527.131,0,0
data_artifact:32:1:langgraph_evidence,langgraph_evidence,unavailable,730e195b-b160-4d89-91c9-55dadcf8d6ee,68099bcb-f0bb-4241-8464-16a143bd9f11,-1,2.528,3,0
code_build:32:0:no_freshness,no_freshness,lost_ack,031a3b67-ab5d-4c70-ab3e-6d650e379045,f2b4751c-b50b-4893-80ea-f118345f407a,0,123.768,1,0
code_build:32:0:verify,verify,unavailable,7ed1f6c1-206d-46b0-84a0-6ccc60db040a,e597446b-94d2-4d38-8e11-049cd6b43a13,-1,-61.836,3,0
http_ticket:16:1:checkpoint,checkpoint,unavailable,0a89c7dc-67bf-4a72-be96-f121dd4cd046,c8556b45-95a3-4b8e-82c2-60641a74a416,-1,-38.121,0,0
data_artifact:32:1:naive,naive,lost_ack,92273b4a-8aa8-4f1f-a509-3856f2dfadc7,d5febe00-5692-475f-aa84-b744cbc4858a,-1,-23.929,0,1
http_ticket:32:0:no_freshness,no_freshness,idempotent_lost_ack,5976a1c7-a05b-476b-b7e0-da372bd74fdf,7cc56052-42e1-4725-b452-4bfcbbdd81c9,0,-20.606,1,0
data_artifact:32:1:langgraph_evidence,langgraph_evidence,no_effect_timeout,730e195b-b160-4d89-91c9-55dadcf8d6ee,062748a1-b27c-4264-a011-acdb6b6d4027,-1,4.078,3,0
code_build:4:0:langgraph_evidence,langgraph_evidence,stale_evidence,951a70e0-76ae-434f-a53f-b4bfacedf230,675f1d01-2502-4bef-b5d5-408dcd4faf1d,-1,73.212,3,0
http_ticket:4:1:langgraph_evidence,langgraph_evidence,delayed_visibility,cea134a4-0a46-4c10-912d-25fdb589bbd3,12dc4fc5-8688-4a4b-9696-edc70c3de917,0,29.788,3,0
data_artifact:16:1:evidence,evidence,unavailable,08edffbf-5cb5-426e-bc92-eb7c019b05f0,e34a0462-16cb-446d-9f32-d3be51a9d704,-1,-6.741,3,0
http_ticket:32:1:verify,verify,idempotent_lost_ack,8ed15151-00b0-4585-9a82-7e47a906c831,07a6a0fe-3d68-4b08-a8ef-3ddf8777ba5d,0,6.902,1,0
data_artifact:4:1:naive,naive,no_effect_timeout,8aaf463a-cb76-4c69-9504-2536ab3dc562,5835e012-4740-4166-8080-ac1d82c05cb0,0,5.858,0,0
http_ticket:32:0:verify,verify,unavailable,2ba741ed-cc5a-4153-ac9e-842a08db69df,0a16a119-9264-4d40-9b49-415b4ad0989d,-1,2.67,3,0
data_artifact:4:1:no_freshness,no_freshness,lost_ack,f21c0139-630c-4eb6-827d-16bbc1d11ac3,e86cc7bd-e03a-44c9-81a0-1f982f2467a3,0,1.247,1,0
http_ticket:32:1:no_freshness,no_freshness,stale_evidence,fd882c59-5eff-4b79-9999-1967c156daa3,2f91f833-a9fd-4821-a67e-a2c831e7d8f6,0,-0.898,1,0
http_ticket:16:0:checkpoint,checkpoint,stale_evidence,7d8adfc7-9b14-4691-8ca1-55230296ea3e,a2f76fdf-469d-4417-b0b5-1c8e34b02e87,-1,-11.8,0,0
data_artifact:16:0:evidence,evidence,no_effect_timeout,8544842c-a518-4140-961c-8f09d6918ff5,3fdbfd88-4684-481a-b534-5975abc5cd7d,-1,13.188,3,0
code_build:16:1:no_freshness,no_freshness,idempotent_lost_ack,5d465e76-0a15-454c-bc57-9af388ce18ce,f5388926-9078-43b8-8f3d-39087d27225f,0,-76.041,1,0
code_build:16:0:langgraph_evidence,langgraph_evidence,stale_evidence,ca8f99a1-247b-42f4-8819-986a3ec3c104,e294273c-bc41-448b-bcad-83eca900a46b,-1,-25.292,3,0
code_build:16:1:evidence,evidence,no_effect_timeout,ea6c1caf-b2a8-4be2-b302-743940974070,ad5ba6a6-0136-4d34-9d3e-deabc519ab33,-1,-235.139,3,0
data_artifact:4:0:checkpoint,checkpoint,lost_ack,107cba87-e243-47eb-9ee1-151fe4bfe51b,2c53c10f-1a5c-4c32-bf31-f217160754f0,-1,2.15,0,0
data_artifact:4:1:verify,verify,unavailable,f3dfee37-5d5a-44c8-b82d-25aa323b06c0,26ad5183-5893-4619-a56e-8f45d8f8ca6d,-1,24.238,3,0
code_build:32:1:no_freshness,no_freshness,stale_evidence,bf44ad8c-4f4f-4ab2-bdcb-1380bebdb08c,6f0b0e6f-6fe3-40d7-a3df-f3424d67b443,0,4.534,1,0
code_build:32:0:naive,naive,stale_evidence,be9780b1-5947-4f39-b63e-d18b3214e7dd,6e8073c2-27b6-4fa8-8ec4-d60ba6f941c9,-1,-161.67,0,1
code_build:16:0:evidence,evidence,unavailable,987cfcce-354f-4faf-a10b-7e606a1c8bb6,e3a8486f-aba4-43ae-bc01-fa1eca9d1c81,-1,-83.309,3,0
http_ticket:4:1:evidence,evidence,idempotent_lost_ack,fe45942a-ed27-4eed-8dfe-e5ebd0a0fe4c,67fc786a-8f32-4014-ae24-88a5027ecc25,0,2.316,1,0
http_ticket:32:0:checkpoint,checkpoint,lost_ack,72f181b7-228b-4e9b-a276-5f384e02639f,df74c2a2-ed0c-4eca-87e6-19557459f915,-1,-27.872,0,0
code_build:4:0:langgraph_evidence,langgraph_evidence,unavailable,951a70e0-76ae-434f-a53f-b4bfacedf230,070b59c0-acde-4c32-b84c-5b729c729940,-1,61.872,3,0
data_artifact:16:0:idempotent,idempotent,delayed_visibility,671b81b8-475c-4168-b113-bd9ab154c7d9,977ebc4f-8bd6-4e09-be91-2e66ce024f31,-1,-8.62,0,0
code_build:4:1:no_freshness,no_freshness,no_effect_timeout,c1fb9400-e1bf-45ce-ad51-59844379adbf,01d8ef52-c19d-427f-b874-1d39911898ad,-1,-32.411,3,0
code_build:4:0:checkpoint,checkpoint,unavailable,e9cfcde4-e3b6-4953-9f37-6469e20bd5a2,f1418662-5f3c-4419-ba36-7788193c2eca,-1,-5.18,0,0
data_artifact:16:1:verify,verify,stale_evidence,2f2b9c9f-2085-4c3c-b5d1-a0e2fda50449,604994a2-1ea5-4b86-a463-a30bd98e654d,-1,-9.769,3,0
data_artifact:4:1:naive,naive,unavailable,8aaf463a-cb76-4c69-9504-2536ab3dc562,4d16f68c-0ca3-4a49-a373-4dfcc1c5e949,-1,5.851,0,1
http_ticket:16:0:checkpoint,checkpoint,lost_ack,7d8adfc7-9b14-4691-8ca1-55230296ea3e,8a71231f-9787-4c07-98ae-0402fd25d299,-1,1.592,0,0
code_build:4:1:verify,verify,unavailable,cf23e7f6-f23a-457e-88dc-ff0d98905238,ace7d77f-2172-47e4-baae-8f26f9bb5eb1,-1,12.882,3,0
code_build:4:1:langgraph_evidence,langgraph_evidence,no_effect_timeout,ea1a0248-6a6e-4d72-a96f-a3e58536b268,6516b66b-b671-4d48-bf74-25adab7c8cc2,-1,28.776,3,0
http_ticket:4:1:checkpoint,checkpoint,idempotent_lost_ack,ec6baf38-0627-45d7-ab23-ca71919e4f8e,b7fa23a0-18a5-4044-ac94-8aa665d06cdc,-1,-9.867,0,0
data_artifact:32:1:no_freshness,no_freshness,unavailable,40323201-c6ab-418c-aaac-63e9555f6202,59324255-2cd3-47d3-9431-0d49ccaa958f,-1,-31.301,3,0
code_build:4:1:idempotent,idempotent,no_effect_timeout,639ec721-db0f-481e-827a-231bf2015870,6f79d77c-eb44-4f72-b368-f405ac31cb68,-1,-56.048,0,0
http_ticket:4:1:evidence,evidence,unavailable,fe45942a-ed27-4eed-8dfe-e5ebd0a0fe4c,f0e696d5-a4f6-481c-a147-9b46312cc27a,-1,24.1,3,0
data_artifact:32:1:checkpoint,checkpoint,delayed_visibility,f402ea6f-2721-4790-9435-94e05332964e,d9f77587-5f7f-44f3-91c8-1fb735ae79c0,-1,-80.372,0,0
http_ticket:32:1:checkpoint,checkpoint,unavailable,dd7d94ac-468f-4d47-a2c0-c89583049472,d793b0c9-33fa-4226-8876-9aced35c6f81,-1,-80.071,0,0
code_build:32:1:checkpoint,checkpoint,idempotent_lost_ack,42dd9675-9ab9-4b7f-83e4-82b686e20224,aed1235e-b623-46a0-b719-5a7a1cac4d5e,-1,-524.201,0,0
data_artifact:16:0:verify,verify,idempotent_lost_ack,29017259-b9f3-4103-865d-0198ebdf01d1,3beb2d46-ea7d-44bc-9080-2ff45021ceda,0,-12.443,1,0
data_artifact:4:0:naive,naive,unavailable,e96aa429-47e9-4a89-a66b-a2fa6e1b3b06,d2d25f09-1dcd-4e39-96ba-361f55124890,-1,3.174,0,1
code_build:32:0:naive,naive,no_effect_timeout,be9780b1-5947-4f39-b63e-d18b3214e7dd,6dea12c6-aa2c-4da1-a12d-51485c4e0115,0,-75.148,0,0
http_ticket:16:0:verify,verify,unavailable,ed2f5948-09a2-4746-80cc-630e17f83645,4a3d1ce2-732b-4cc6-aafc-e1cb4ef744fc,-1,28.044,3,0
http_ticket:16:1:verify,verify,stale_evidence,e67f9416-1164-4512-9320-e8c2ebec9bd7,b6da5904-9e26-4b8d-a71c-29a16e499f87,-1,-17.594,3,0
data_artifact:16:0:langgraph_evidence,langgraph_evidence,lost_ack,db210209-478e-4872-a7e8-29c6be671fe8,27a335c7-4295-4b49-a799-4a870eab7bfc,0,-10.762,1,0
http_ticket:16:1:checkpoint,checkpoint,idempotent_lost_ack,0a89c7dc-67bf-4a72-be96-f121dd4cd046,ddeb2e3e-7d9d-4f7b-b4a3-6722950c8b46,-1,-31.081,0,0
code_build:32:1:no_freshness,no_freshness,unavailable,bf44ad8c-4f4f-4ab2-bdcb-1380bebdb08c,df137046-b8ca-4a50-bb22-c6dfcf388d31,-1,-493.975,3,0
data_artifact:32:0:langgraph_evidence,langgraph_evidence,unavailable,98847aaa-a957-458f-a712-287d0f12b3ba,09b57f15-b11f-4b72-a021-31e53bcda720,-1,31.156,3,0
data_artifact:4:1:idempotent,idempotent,stale_evidence,e39a4830-cc77-4098-8e36-4569dfb6421a,9b65b84c-567c-4588-98f1-d5d5d96597e0,-1,-7.182,0,0
http_ticket:4:0:idempotent,idempotent,delayed_visibility,a789784a-47a5-4c55-9c7c-8298cb403b03,abe619d1-a2f3-44aa-a5cc-bae69e8977a4,-1,3.464,0,0
code_build:4:1:evidence,evidence,unavailable,6e5e8a31-8440-4971-8738-0a74a0509b45,6d9cd45c-0295-4bce-971f-25a7b01fd176,-1,-5.117,3,0
code_build:4:1:naive,naive,lost_ack,a9df2326-2e73-4bdf-9374-4c03f069bd19,142b391e-8d9b-4bf1-8b25-791a49834637,-1,21.302,0,1
http_ticket:16:0:no_freshness,no_freshness,lost_ack,1ad1a7e8-8b41-4379-8f9c-afa06d85bdcd,2c88dfb4-4300-4411-a8fa-f0f5be59b86f,0,9.32,1,0
http_ticket:32:1:langgraph_evidence,langgraph_evidence,delayed_visibility,587c6f50-00a7-461b-a1a8-c066e74e5443,ce50189f-cbe1-41da-bfeb-6d303bf7618c,0,29.077,3,0
code_build:16:1:idempotent,idempotent,idempotent_lost_ack,63bf8512-4def-4ee3-ae9e-7b1ef760b630,b41a1c6f-0c37-4f2f-8da8-2d3448d4dc65,0,-19.036,0,0
http_ticket:32:0:idempotent,idempotent,delayed_visibility,b05477dd-ec9e-445b-a16f-c8fe435433f3,daa12eea-50d3-40e1-8cf1-b0cf54175f68,-1,11.171,0,0
data_artifact:16:0:no_freshness,no_freshness,stale_evidence,991e7038-4399-415c-8ed7-196b1f4b1194,94d9d0e9-97ed-4b9c-bf98-09a67efa4ea5,0,-14.975,1,0
code_build:16:1:langgraph_evidence,langgraph_evidence,no_effect_timeout,a904194a-f58f-44a7-b475-3f94fec6beaa,9fd7f35e-3ade-4dcd-90b0-960bac1b59fa,-1,-166.577,3,0
code_build:32:0:verify,verify,delayed_visibility,7ed1f6c1-206d-46b0-84a0-6ccc60db040a,779700f4-b2a6-4950-9af0-cc5c300bc6e3,-1,48.288,1,1
data_artifact:4:1:idempotent,idempotent,no_effect_timeout,e39a4830-cc77-4098-8e36-4569dfb6421a,976a1166-2cc9-48d3-96de-8e054222ef2b,-1,-6.455,0,0
code_build:4:1:langgraph_evidence,langgraph_evidence,stale_evidence,ea1a0248-6a6e-4d72-a96f-a3e58536b268,a6bb7e33-fa93-4fa8-987b-57591c7f868a,-1,25.35,3,0
data_artifact:4:0:langgraph_evidence,langgraph_evidence,idempotent_lost_ack,6b254cb7-68d2-4455-8cf6-019d2352ff19,085790cc-ad7d-428b-8d7a-bff4dd320d87,0,6.179,1,0
data_artifact:16:1:idempotent,idempotent,lost_ack,9e547e57-b9e7-4c7a-aee7-a8cf5c80672c,2ec1c2a4-8ebd-48f4-9c78-88d7cb702cbf,-1,-41.098,0,0
data_artifact:4:1:idempotent,idempotent,unavailable,e39a4830-cc77-4098-8e36-4569dfb6421a,893730c1-5916-40e7-9283-1c2c71445771,-1,-8.19,0,0
http_ticket:32:1:no_freshness,no_freshness,delayed_visibility,fd882c59-5eff-4b79-9999-1967c156daa3,dd23f491-d3d3-4d1f-98d3-3fdb6ed5f191,0,75.743,3,0
code_build:32:0:checkpoint,checkpoint,idempotent_lost_ack,47bf1a4f-a876-4fbf-9a8a-e5cc499a578f,bb29eba4-66af-4dc5-8ad5-c8836677cd86,-1,22.088,0,0
code_build:16:1:verify,verify,stale_evidence,dbc53987-812b-4587-84e3-96329331c8d0,b24c170b-249b-4cc5-b5ae-4dd58b3969e8,-1,-202.838,3,0
data_artifact:32:0:no_freshness,no_freshness,no_effect_timeout,eb9b5d68-35bd-4b2b-813a-a0fdb25c9384,fa7bc5b5-d934-4d6b-8990-22f4a92ef6f2,-1,85.534,3,0
code_build:32:0:evidence,evidence,idempotent_lost_ack,cc0bfbff-2347-495d-a448-2032248dd622,40388c17-d610-49c2-9ab0-933a43436e7c,0,727.916,1,0
code_build:32:1:langgraph_evidence,langgraph_evidence,idempotent_lost_ack,22013229-300e-42e7-a891-b15cb646e0d4,d8e74729-66c6-4944-b1eb-5461ad7edfb8,0,597.735,1,0
http_ticket:32:1:langgraph_evidence,langgraph_evidence,unavailable,587c6f50-00a7-461b-a1a8-c066e74e5443,9c45a199-73e9-4534-8714-efb2a37c8d94,-1,14.721,3,0
code_build:32:0:idempotent,idempotent,stale_evidence,59c59ce8-cf84-4014-9cba-b5d28e36482b,efc01f99-9af4-48a9-8245-2c102ceb0743,-1,-14.143,0,0
http_ticket:16:1:langgraph_evidence,langgraph_evidence,idempotent_lost_ack,4e0341e4-3df1-467f-ac2c-939406cf81c5,86af49f6-7e0d-42f1-abf9-d4bec9854419,0,14.908,1,0
code_build:4:0:verify,verify,lost_ack,8e7ccc6a-89ac-489f-8624-daf9d6b6f282,a8d7fcb0-6f70-496d-bcae-fe66548dbd68,0,32.94,1,0
code_build:32:0:checkpoint,checkpoint,delayed_visibility,47bf1a4f-a876-4fbf-9a8a-e5cc499a578f,39b88d38-c1ea-48ed-8bc4-714cebaa7684,-1,-1.526,0,0
data_artifact:16:0:no_freshness,no_freshness,no_effect_timeout,991e7038-4399-415c-8ed7-196b1f4b1194,d21e94cf-dd8f-4b16-935b-8697cbe0550f,-1,84.222,3,0
data_artifact:4:1:langgraph_evidence,langgraph_evidence,lost_ack,843eab03-fc99-409d-a727-b2e5095baa17,0b9bb206-5dc9-4fa2-ab1b-0acf3e24b5ab,0,17.157,1,0
http_ticket:32:1:naive,naive,unavailable,249c9c12-0f12-4bdb-97c4-a4c107f44c7d,1d0a5032-9259-4b2e-b403-c7e930b85ccb,-1,227.026,0,1
http_ticket:4:1:langgraph_evidence,langgraph_evidence,stale_evidence,cea134a4-0a46-4c10-912d-25fdb589bbd3,71ca3c13-fa3f-4cbf-aec4-72f6104ec8dc,-1,56.406,3,0
data_artifact:32:0:checkpoint,checkpoint,lost_ack,683322b9-f3bc-4754-b3dc-28b49fbdea4a,bd47efe5-8254-4a24-a707-982f93f11fec,-1,164.544,0,0
data_artifact:4:1:langgraph_evidence,langgraph_evidence,no_effect_timeout,843eab03-fc99-409d-a727-b2e5095baa17,d4bac137-742b-44a8-ad70-e931818044c0,-1,65.372,3,0
code_build:4:0:langgraph_evidence,langgraph_evidence,delayed_visibility,951a70e0-76ae-434f-a53f-b4bfacedf230,0168ed5a-6393-418f-9f2e-d6d51d9d7a37,0,95.215,3,0
http_ticket:32:0:naive,naive,delayed_visibility,1b41d6a8-1806-4bdf-8438-e8637397ba6a,9c50033a-32cf-4db4-a2b1-4f69487cc7e3,-1,-21.613,0,1
http_ticket:32:0:naive,naive,stale_evidence,1b41d6a8-1806-4bdf-8438-e8637397ba6a,701310fb-6aca-4ce4-8128-cc967a67a97a,-1,-28.377,0,1
http_ticket:4:1:no_freshness,no_freshness,unavailable,548930e6-aa9e-4dfe-a304-afe3114302c3,178cabdf-3c75-488c-886c-28adfebb7ae2,-1,26.334,3,0
code_build:4:0:naive,naive,stale_evidence,27735f52-17ca-46a1-bf2a-c610202f4686,590ae390-1e5d-4f6a-969a-9906f4984ed4,-1,108.115,0,1
http_ticket:16:1:langgraph_evidence,langgraph_evidence,unavailable,4e0341e4-3df1-467f-ac2c-939406cf81c5,0990c9df-f44e-4d94-8789-212d40a2a507,-1,55.699,3,0
http_ticket:4:1:no_freshness,no_freshness,stale_evidence,548930e6-aa9e-4dfe-a304-afe3114302c3,9ee97741-3526-4266-81f2-0169dcae6920,0,12.688,1,0
data_artifact:16:1:evidence,evidence,stale_evidence,08edffbf-5cb5-426e-bc92-eb7c019b05f0,052a188b-3dc7-49ad-9c6c-6559559f04eb,-1,-9.546,3,0
http_ticket:4:1:naive,naive,delayed_visibility,3b77c21a-2f87-4468-8720-fcbbf7de9a4f,26055069-db3a-452a-aadf-e6dffbd48ccf,-1,9.044,0,1
code_build:4:1:no_freshness,no_freshness,stale_evidence,c1fb9400-e1bf-45ce-ad51-59844379adbf,65df2ccc-a13c-4a1a-a781-448fbe8892ef,0,24.701,1,0
code_build:32:0:idempotent,idempotent,lost_ack,59c59ce8-cf84-4014-9cba-b5d28e36482b,29e0261f-b169-489c-8f89-87ecf00a05b3,-1,91.363,0,0
http_ticket:16:0:idempotent,idempotent,delayed_visibility,86c9275b-c337-4dc7-8983-7dd4465cf739,20a2e756-0883-48fb-a144-e7fd8442700c,-1,12.312,0,0
data_artifact:32:1:langgraph_evidence,langgraph_evidence,stale_evidence,730e195b-b160-4d89-91c9-55dadcf8d6ee,b857b595-c422-4f0a-a34c-f027a91c9cba,-1,33.541,3,0
code_build:32:1:evidence,evidence,stale_evidence,3dfa00d7-7875-4035-920d-7cfe177ab5ac,f7ecd359-130c-4e14-977a-d2b9120f1329,-1,-511.44,3,0
http_ticket:16:1:idempotent,idempotent,no_effect_timeout,59986de9-5b3e-4532-a3fa-20060f428b46,32acfd18-9f87-4353-9b9e-4dab25223618,-1,-38.055,0,0
data_artifact:16:1:no_freshness,no_freshness,unavailable,d69c8ed3-93f9-4b08-a044-53ee0f0a788c,a938198b-443d-4d16-8549-91f7fa33a5d0,-1,-25.264,3,0
http_ticket:4:1:checkpoint,checkpoint,stale_evidence,ec6baf38-0627-45d7-ab23-ca71919e4f8e,3860120a-ed99-418e-abfc-7a3a02178095,-1,-11.621,0,0
code_build:16:0:idempotent,idempotent,lost_ack,d603ffdd-36df-4e8a-85fb-0b1c6298f0bc,2ee64de2-80c4-4fea-816d-2f7c12056885,-1,-131.159,0,0
data_artifact:4:0:idempotent,idempotent,unavailable,26f4c90d-fb30-442d-9383-0340b9284325,fc626641-cbb2-42f2-9eff-b9dec7303037,-1,4.454,0,0
data_artifact:32:1:evidence,evidence,unavailable,b26bf7a4-fec4-4fee-9418-1f4d16cbb2c8,7e4b8da4-3022-423e-809a-5e1022255ba9,-1,-56.64,3,0
code_build:32:0:langgraph_evidence,langgraph_evidence,delayed_visibility,0b2b77d2-4995-44ad-ab7a-0dfc37c08bff,a54bbfb5-f563-4867-bc6d-b465cbd5cbbd,0,25.681,3,0
http_ticket:32:1:idempotent,idempotent,lost_ack,dde007a3-4bfc-4282-966a-801e5f8a0ac8,f4634147-0bc6-475a-8858-606d91f5bea1,-1,-81.8,0,0
code_build:16:1:checkpoint,checkpoint,lost_ack,26d1c9e5-d9ae-4af8-b103-dccf918402ad,de2b5562-9797-4225-8c76-de3422656cbf,-1,-293.939,0,0
data_artifact:16:0:checkpoint,checkpoint,no_effect_timeout,79661929-90fd-4a09-bdb2-25f33bfd48a8,ca6be6eb-65f6-4ab1-9728-1f6bd182c85e,-1,-7.732,0,0
data_artifact:4:0:evidence,evidence,stale_evidence,10945f0a-6449-4d6b-97a4-00145cf0cdb2,b23d93b2-ac63-4ba9-a46d-8de2356d6b5a,-1,20.719,3,0
data_artifact:32:1:idempotent,idempotent,idempotent_lost_ack,042e3031-c032-441b-aba0-102ed8e9a660,fd1a12be-3a27-47c1-8423-6bf64c3d11f8,0,10.299,0,0
data_artifact:4:0:langgraph_evidence,langgraph_evidence,unavailable,6b254cb7-68d2-4455-8cf6-019d2352ff19,8eea19ba-2b67-4d97-b768-4ef14bf78d40,-1,43.385,3,0
data_artifact:32:1:langgraph_evidence,langgraph_evidence,idempotent_lost_ack,730e195b-b160-4d89-91c9-55dadcf8d6ee,1d5141d0-48bb-4963-9780-961b7050cce7,0,12.99,1,0
http_ticket:16:0:verify,verify,idempotent_lost_ack,ed2f5948-09a2-4746-80cc-630e17f83645,5e09b783-d88d-4dfa-9078-31e4bc895b07,0,11.543,1,0
code_build:16:0:naive,naive,delayed_visibility,608e2ad4-8911-4f44-a8f2-035118fd6812,d253112f-a45e-4ea3-9be7-63442829c103,-1,32.431,0,1
data_artifact:16:0:checkpoint,checkpoint,idempotent_lost_ack,79661929-90fd-4a09-bdb2-25f33bfd48a8,1f60cdfe-1c52-44a5-8151-f0191657d73c,-1,-4.706,0,0
code_build:4:0:evidence,evidence,idempotent_lost_ack,69464cef-80a7-4526-bf3f-9a4e635bab23,1c1f022d-0fdc-4081-aee9-6dd99c66b2a5,0,11.859,1,0
code_build:16:1:verify,verify,idempotent_lost_ack,dbc53987-812b-4587-84e3-96329331c8d0,77439751-c0d4-41f5-8608-c89c4b91791f,0,-31.046,1,0
code_build:16:1:checkpoint,checkpoint,no_effect_timeout,26d1c9e5-d9ae-4af8-b103-dccf918402ad,541a687b-14b2-4691-965c-cf4a44e9de52,-1,-312.436,0,0
data_artifact:32:0:evidence,evidence,unavailable,61f43596-600d-4031-8299-a3147585679c,320a4d45-f4c7-494c-834f-eb649173f042,-1,12.203,3,0
data_artifact:32:0:naive,naive,idempotent_lost_ack,555f4a49-517f-4554-8b2a-557c6b09b8fd,140882a6-9eac-4bc9-9ae3-fd9def5c7442,0,12.325,0,0
code_build:16:1:idempotent,idempotent,delayed_visibility,63bf8512-4def-4ee3-ae9e-7b1ef760b630,7f04c1ed-7da2-486c-88e2-98dd166e1357,-1,-254.443,0,0
http_ticket:16:1:checkpoint,checkpoint,no_effect_timeout,0a89c7dc-67bf-4a72-be96-f121dd4cd046,4ead8fe5-8a92-4cd1-a2f2-b8873de61062,-1,-37.511,0,0
code_build:32:0:no_freshness,no_freshness,delayed_visibility,031a3b67-ab5d-4c70-ab3e-6d650e379045,7fc6e400-25fb-47d8-bf45-e09c818aafb8,0,63.36,3,0
data_artifact:4:1:verify,verify,no_effect_timeout,f3dfee37-5d5a-44c8-b82d-25aa323b06c0,71d4a502-3e43-4653-b9a2-50a483060f47,0,7.003,1,0
http_ticket:32:0:evidence,evidence,delayed_visibility,a42553db-68bf-452a-919c-9ebd5366c82f,a0eb68cd-2720-4c7a-916a-cede70970ce3,0,16.604,3,0
http_ticket:4:1:idempotent,idempotent,delayed_visibility,e9788d21-f935-4647-b8d4-347f5ecb4ba2,df6382c0-18b4-4a99-9f87-ef6bdec4af1d,-1,-5.706,0,0
data_artifact:4:0:naive,naive,no_effect_timeout,e96aa429-47e9-4a89-a66b-a2fa6e1b3b06,9110c2aa-6dea-4553-a760-aa1e809ec54d,0,5.194,0,0
code_build:4:0:idempotent,idempotent,lost_ack,6b72842d-41de-44dd-aec9-110afcd56edc,2f31024c-1af1-4d92-9f00-b7b1b3734ee6,-1,-1.571,0,0
http_ticket:4:0:naive,naive,stale_evidence,23853722-399f-49dc-bbcf-5a70ce280cac,f40f1a97-2a2b-4eaf-b1e4-e116672d285d,-1,-0.97,0,1
http_ticket:32:1:evidence,evidence,stale_evidence,64c67219-3d99-4dc7-9250-ff3a26b33838,d4e44ba8-8296-4ecd-b81b-22b360434f76,-1,-49.938,3,0
data_artifact:16:0:no_freshness,no_freshness,delayed_visibility,991e7038-4399-415c-8ed7-196b1f4b1194,4cc9795a-3562-4007-9d3b-cbefb362d81a,0,10.63,3,0
http_ticket:16:1:verify,verify,lost_ack,e67f9416-1164-4512-9320-e8c2ebec9bd7,a7414664-5dbc-4d60-8659-95b2e6254867,0,-4.432,1,0
http_ticket:16:0:evidence,evidence,stale_evidence,dc6d9a12-366d-45ae-a908-76f88b2237c2,e43a0a6d-2fef-418d-801a-fdf1bc6e6bfe,-1,62.19,3,0
data_artifact:32:1:idempotent,idempotent,lost_ack,042e3031-c032-441b-aba0-102ed8e9a660,5a5b3e86-7b05-4aa1-a997-d3761d8a1160,-1,-86.662,0,0
http_ticket:16:0:naive,naive,no_effect_timeout,37e76d73-4a88-4be3-b05e-3adb0848cf75,cbdba126-444f-42b1-b494-b44c287757b0,0,5.985,0,0
data_artifact:16:1:naive,naive,lost_ack,877d02ec-f080-412a-b51d-e47d072bd941,604fe7d2-9375-4435-a255-ab9e4933edad,-1,13.259,0,1
code_build:4:0:idempotent,idempotent,no_effect_timeout,6b72842d-41de-44dd-aec9-110afcd56edc,4586f923-4ac8-4e2f-b7ad-3ef247deb717,-1,-16.092,0,0
data_artifact:16:0:idempotent,idempotent,unavailable,671b81b8-475c-4168-b113-bd9ab154c7d9,30216935-1ceb-4d9b-855d-1849723d032e,-1,-10.355,0,0
code_build:4:0:checkpoint,checkpoint,stale_evidence,e9cfcde4-e3b6-4953-9f37-6469e20bd5a2,93020521-28c3-4ab3-9684-7c96fcb11a5a,-1,-0.367,0,0
http_ticket:16:0:naive,naive,delayed_visibility,37e76d73-4a88-4be3-b05e-3adb0848cf75,df08ffe4-604f-4e65-b32a-47783012fdbc,-1,5.286,0,1
data_artifact:32:1:checkpoint,checkpoint,idempotent_lost_ack,f402ea6f-2721-4790-9435-94e05332964e,94e8318a-92e8-48b4-b010-48f4c2d7ddd9,-1,-80.714,0,0
data_artifact:32:1:naive,naive,no_effect_timeout,92273b4a-8aa8-4f1f-a509-3856f2dfadc7,b614865b-2e37-4307-a9aa-1416abe7d4e9,0,-28.965,0,0
http_ticket:4:1:idempotent,idempotent,stale_evidence,e9788d21-f935-4647-b8d4-347f5ecb4ba2,4ce05e57-f703-46ce-9ff5-ca062bb2b338,-1,-8.336,0,0
code_build:16:1:langgraph_evidence,langgraph_evidence,idempotent_lost_ack,a904194a-f58f-44a7-b475-3f94fec6beaa,405b466d-8677-41ba-b3ec-f6811e52f68f,0,26.062,1,0
data_artifact:16:0:evidence,evidence,lost_ack,8544842c-a518-4140-961c-8f09d6918ff5,00176e79-60da-4683-9aac-e1df8f002ba9,0,-0.909,1,0
http_ticket:4:0:checkpoint,checkpoint,unavailable,becf8368-b22a-4014-bc03-47f6f5e377fe,11a722fe-5a5c-4d55-8812-c14c46df0ff0,-1,-47.549,0,0
http_ticket:32:0:evidence,evidence,lost_ack,a42553db-68bf-452a-919c-9ebd5366c82f,78a8456d-1863-4752-af8e-5c26a3e721d5,0,-28.895,1,0
code_build:4:1:naive,naive,stale_evidence,a9df2326-2e73-4bdf-9374-4c03f069bd19,e50cc1dd-0b2a-445f-910e-4ac46a344e28,-1,27.978,0,1
data_artifact:16:1:idempotent,idempotent,stale_evidence,9e547e57-b9e7-4c7a-aee7-a8cf5c80672c,8da57a18-6f8f-4f8a-9eac-973239470847,-1,-42.685,0,0
data_artifact:32:1:checkpoint,checkpoint,stale_evidence,f402ea6f-2721-4790-9435-94e05332964e,e2e0b15e-20e2-4e89-af05-f03a5997126d,-1,-87.047,0,0
data_artifact:4:0:checkpoint,checkpoint,stale_evidence,107cba87-e243-47eb-9ee1-151fe4bfe51b,f545cdf8-1cce-4b6e-9b30-34a427bb0cfa,-1,2.415,0,0
http_ticket:16:1:idempotent,idempotent,stale_evidence,59986de9-5b3e-4532-a3fa-20060f428b46,c0d0e9b4-9e9d-4080-b7aa-d42e12fbea33,-1,-44.843,0,0
http_ticket:32:0:no_freshness,no_freshness,unavailable,5976a1c7-a05b-476b-b7e0-da372bd74fdf,aa8e745a-358d-496e-8359-3fefcf70bef9,-1,4.314,3,0
code_build:32:0:no_freshness,no_freshness,no_effect_timeout,031a3b67-ab5d-4c70-ab3e-6d650e379045,1f2c205d-5ece-45a9-8e10-fd7e56703134,-1,-60.842,3,0
http_ticket:32:0:no_freshness,no_freshness,no_effect_timeout,5976a1c7-a05b-476b-b7e0-da372bd74fdf,11156a73-43be-4f0c-9606-4a94e8230010,-1,-9.284,3,0
code_build:4:0:naive,naive,unavailable,27735f52-17ca-46a1-bf2a-c610202f4686,34ce6224-d539-4c36-b895-cf5ff0dd08c5,-1,-26.218,0,1
data_artifact:4:0:idempotent,idempotent,lost_ack,26f4c90d-fb30-442d-9383-0340b9284325,674e72f7-cf3a-4c46-b792-f5e8b87e07d3,-1,5.087,0,0
code_build:16:0:idempotent,idempotent,idempotent_lost_ack,d603ffdd-36df-4e8a-85fb-0b1c6298f0bc,3d02f4f9-e98e-482b-8e95-012e83a00d5e,0,-179.174,0,0
data_artifact:16:1:evidence,evidence,lost_ack,08edffbf-5cb5-426e-bc92-eb7c019b05f0,d1a7ccc3-dac5-47ab-a035-22b3444bf9dc,0,13.968,1,0
http_ticket:4:1:checkpoint,checkpoint,unavailable,ec6baf38-0627-45d7-ab23-ca71919e4f8e,57f537db-7c8d-4478-9a2a-0deb7eb7f75c,-1,-13.786,0,0
code_build:32:1:no_freshness,no_freshness,lost_ack,bf44ad8c-4f4f-4ab2-bdcb-1380bebdb08c,f67f8185-6c67-47a0-b098-dd0a04664070,0,76.896,1,0
http_ticket:4:0:no_freshness,no_freshness,no_effect_timeout,3f29afd5-6c06-4f8a-86ec-9f2c84881abc,38b7b426-64f0-4738-83ba-6dcbdaba7feb,-1,37.487,3,0
code_build:16:0:checkpoint,checkpoint,unavailable,52bba713-a159-438d-b9fc-e1e6b4ac25c1,6eaf1147-4e36-411a-9218-53ac97b0fd56,-1,-34.592,0,0
code_build:4:1:naive,naive,unavailable,a9df2326-2e73-4bdf-9374-4c03f069bd19,f6339875-1649-488d-803a-45874f6f2661,-1,62.564,0,1
data_artifact:16:1:verify,verify,unavailable,2f2b9c9f-2085-4c3c-b5d1-a0e2fda50449,ca45e7be-98d6-412b-850f-ca65d0b1d4d9,-1,-1.227,3,0
data_artifact:32:1:verify,verify,delayed_visibility,27a81e73-4b80-454f-8efd-61c6fe217ef0,9b8ea09a-bf24-4887-b5e1-cc842b735287,-1,-13.113,1,1
data_artifact:16:1:checkpoint,checkpoint,no_effect_timeout,58d7c1c8-945a-411c-a619-67cb39cff77f,5a04d978-c580-4883-ab8e-1d359cf7c951,-1,-53.259,0,0
data_artifact:32:0:naive,naive,delayed_visibility,555f4a49-517f-4554-8b2a-557c6b09b8fd,7c61d5b9-e417-45ee-84d1-3bf9f1ee95ba,-1,-4.388,0,1
code_build:32:1:idempotent,idempotent,lost_ack,c8ae8ec1-ff16-4b3e-afa5-bd481a27cc14,dfa67997-845c-4e6d-a6bb-82bbc38d9f77,-1,-532.427,0,0
code_build:16:1:naive,naive,idempotent_lost_ack,4dd3ec40-dd21-4906-8a19-a9638de1f5e8,8022d028-2708-41ad-99e9-aea5fc44a9e4,0,6.858,0,0
http_ticket:4:0:naive,naive,no_effect_timeout,23853722-399f-49dc-bbcf-5a70ce280cac,028b7cac-0f88-4a62-8571-336c5035292d,0,2.798,0,0
http_ticket:4:0:checkpoint,checkpoint,idempotent_lost_ack,becf8368-b22a-4014-bc03-47f6f5e377fe,cfb5e1da-24a3-4a97-8b98-e648a4cec041,-1,-44.103,0,0
code_build:4:0:verify,verify,no_effect_timeout,8e7ccc6a-89ac-489f-8624-daf9d6b6f282,547a7e39-1259-47f7-8218-3b5e892184e9,0,3.348,1,0
data_artifact:32:1:idempotent,idempotent,stale_evidence,042e3031-c032-441b-aba0-102ed8e9a660,b3d9cbd8-6c90-44c0-928f-e2c53666508d,-1,-86.762,0,0
http_ticket:16:0:idempotent,idempotent,stale_evidence,86c9275b-c337-4dc7-8983-7dd4465cf739,6d93c028-a5e6-42d2-9275-041dc4887d6f,-1,-16.424,0,0
code_build:4:0:no_freshness,no_freshness,stale_evidence,fd8929f0-7b5d-4733-bf97-0649cf77d99b,ba34eda6-56fd-4e38-ae26-2d11cf0f0351,0,0.394,1,0
data_artifact:16:0:langgraph_evidence,langgraph_evidence,delayed_visibility,db210209-478e-4872-a7e8-29c6be671fe8,42665010-64ef-4a6c-90cf-1b92529d8081,0,13.659,3,0
data_artifact:16:1:checkpoint,checkpoint,unavailable,58d7c1c8-945a-411c-a619-67cb39cff77f,d2d7164e-e301-4539-adb2-6dfdc398dc59,-1,-47.698,0,0
code_build:16:1:naive,naive,unavailable,4dd3ec40-dd21-4906-8a19-a9638de1f5e8,965101bb-1e63-4b87-856c-8aa056c47c9e,-1,8.889,0,1
data_artifact:4:0:no_freshness,no_freshness,idempotent_lost_ack,fd2ca0ff-0f97-4beb-9f25-79de987a067f,997614a5-2784-46c9-bb6e-23a73d5f7b47,0,4.501,1,0
code_build:4:0:checkpoint,checkpoint,no_effect_timeout,e9cfcde4-e3b6-4953-9f37-6469e20bd5a2,3b0aae9a-e1db-487e-b7b4-b9088ae98b59,-1,-16.318,0,0
data_artifact:4:0:checkpoint,checkpoint,idempotent_lost_ack,107cba87-e243-47eb-9ee1-151fe4bfe51b,43135f48-37b0-4811-8288-873fda670978,-1,6.458,0,0
code_build:32:1:no_freshness,no_freshness,no_effect_timeout,bf44ad8c-4f4f-4ab2-bdcb-1380bebdb08c,e4f6202b-e987-4ca9-bd0f-dabad8e56485,-1,-505.599,3,0
code_build:16:1:verify,verify,no_effect_timeout,dbc53987-812b-4587-84e3-96329331c8d0,24adce6d-25f1-4d4c-8fb5-35fb701002fa,0,-6.246,1,0
data_artifact:32:0:naive,naive,lost_ack,555f4a49-517f-4554-8b2a-557c6b09b8fd,f38e2d93-8b32-4054-aae6-c60bf17c34d6,-1,2.6,0,1
code_build:32:1:langgraph_evidence,langgraph_evidence,lost_ack,22013229-300e-42e7-a891-b15cb646e0d4,d1aef85d-ba54-4714-9692-7a4a65865dbd,0,47.982,1,0
data_artifact:4:1:no_freshness,no_freshness,stale_evidence,f21c0139-630c-4eb6-827d-16bbc1d11ac3,4d4f486f-4952-4725-9611-7441587afed6,0,1.717,1,0
code_build:32:0:naive,naive,idempotent_lost_ack,be9780b1-5947-4f39-b63e-d18b3214e7dd,c194451a-4653-45d5-be93-7ac41a3fc949,0,-69.571,0,0
data_artifact:4:1:no_freshness,no_freshness,delayed_visibility,f21c0139-630c-4eb6-827d-16bbc1d11ac3,d6816f1f-9128-4677-bdf4-2a9ec9e060cb,0,30.012,3,0
code_build:16:0:idempotent,idempotent,unavailable,d603ffdd-36df-4e8a-85fb-0b1c6298f0bc,538b643d-ed22-48a7-a43d-607ad7ed6868,-1,-221.639,0,0
http_ticket:4:0:no_freshness,no_freshness,lost_ack,3f29afd5-6c06-4f8a-86ec-9f2c84881abc,590cbc64-ee87-4532-897d-f856cede6745,0,3.807,1,0
http_ticket:4:0:idempotent,idempotent,no_effect_timeout,a789784a-47a5-4c55-9c7c-8298cb403b03,6a0bc24e-2854-470e-9140-918c67821719,-1,1.581,0,0
code_build:16:0:evidence,evidence,idempotent_lost_ack,987cfcce-354f-4faf-a10b-7e606a1c8bb6,c31956fa-598a-465a-97b5-3a0871a6cc01,0,36.827,1,0
data_artifact:32:0:naive,naive,stale_evidence,555f4a49-517f-4554-8b2a-557c6b09b8fd,e3a525fd-ad94-479a-8c0c-fd715017872c,-1,7.49,0,1
http_ticket:4:1:checkpoint,checkpoint,no_effect_timeout,ec6baf38-0627-45d7-ab23-ca71919e4f8e,e6d0f784-cb64-4710-a6e8-606584becf70,-1,-13.542,0,0
code_build:32:1:verify,verify,lost_ack,5d402961-204f-4ff9-9062-5025d7056abd,ac2a05d8-77c0-4dfe-9583-83dd61574465,0,2.967,1,0
http_ticket:16:1:evidence,evidence,idempotent_lost_ack,3b7f49db-1d1c-4831-b99b-a216dbd64842,60636709-22c4-4342-bec8-91c5a945d738,0,2.476,1,0
data_artifact:16:1:langgraph_evidence,langgraph_evidence,idempotent_lost_ack,a77f5597-0796-4956-ace1-444abb5f3b0c,eeeef917-fe4f-4850-9e6b-c1c88a9912c7,0,11.048,1,0
data_artifact:4:1:checkpoint,checkpoint,delayed_visibility,74265111-49f5-4773-b22b-b14d1bcee316,d9c44d21-867f-4924-b44a-2cc715bafb62,-1,-4.786,0,0
code_build:4:0:checkpoint,checkpoint,delayed_visibility,e9cfcde4-e3b6-4953-9f37-6469e20bd5a2,878d80a4-14cb-4a56-9e1a-f500ea960df9,-1,-1.724,0,0
code_build:4:0:verify,verify,unavailable,8e7ccc6a-89ac-489f-8624-daf9d6b6f282,8f5a84ed-3f4f-4014-955c-066bdefc331e,-1,35.278,3,0
http_ticket:16:0:verify,verify,lost_ack,ed2f5948-09a2-4746-80cc-630e17f83645,657d459e-73a4-4f58-91ee-3ca15fdd7e0e,0,19.523,1,0
code_build:4:0:no_freshness,no_freshness,no_effect_timeout,fd8929f0-7b5d-4733-bf97-0649cf77d99b,30ef82f3-60d0-408a-9ef7-a43f4075b128,-1,11.807,3,0
code_build:32:0:naive,naive,unavailable,be9780b1-5947-4f39-b63e-d18b3214e7dd,346453ce-66c2-40be-adf2-dac189bf888d,-1,-14.77,0,1
code_build:16:1:evidence,evidence,unavailable,ea6c1caf-b2a8-4be2-b302-743940974070,eeae17a5-7353-4387-98ca-776bf738241e,-1,-209.803,3,0
http_ticket:4:0:verify,verify,unavailable,ae88ab82-f3fc-4568-b866-9693de7602d9,7bce40ed-fc78-4111-82e0-6c13ac8790cf,-1,37.943,3,0
data_artifact:4:1:langgraph_evidence,langgraph_evidence,delayed_visibility,843eab03-fc99-409d-a727-b2e5095baa17,5f104270-4401-4bee-b35b-0011f4a943f7,0,29.073,3,0
http_ticket:4:1:idempotent,idempotent,unavailable,e9788d21-f935-4647-b8d4-347f5ecb4ba2,03ad44ca-eae1-42f1-b1e3-b650b350c524,-1,-7.45,0,0
code_build:16:1:verify,verify,unavailable,dbc53987-812b-4587-84e3-96329331c8d0,ec7b5a24-141d-4691-bf30-23f443e272b5,-1,-252.624,3,0
http_ticket:4:0:no_freshness,no_freshness,delayed_visibility,3f29afd5-6c06-4f8a-86ec-9f2c84881abc,d9b6eabd-6a9a-4e9d-b456-2963971136ab,0,30.702,3,0
data_artifact:16:1:idempotent,idempotent,unavailable,9e547e57-b9e7-4c7a-aee7-a8cf5c80672c,93bc1c45-3712-491f-bd87-eeb188a74de9,-1,-41.683,0,0
code_build:4:1:verify,verify,no_effect_timeout,cf23e7f6-f23a-457e-88dc-ff0d98905238,f7894b6f-61be-4476-b61c-a1cf6bbc7337,0,13.645,1,0
code_build:4:0:checkpoint,checkpoint,idempotent_lost_ack,e9cfcde4-e3b6-4953-9f37-6469e20bd5a2,fdafa117-2d1f-4314-a364-1055fb05120c,-1,7.918,0,0
http_ticket:16:0:naive,naive,unavailable,37e76d73-4a88-4be3-b05e-3adb0848cf75,0c8bfacb-5f79-4fe7-a7f2-6fac302d4f0c,-1,6.7,0,1
data_artifact:16:0:checkpoint,checkpoint,lost_ack,79661929-90fd-4a09-bdb2-25f33bfd48a8,8bcccea3-76fc-40f8-a682-ce9e297ca360,-1,-8.782,0,0
code_build:4:1:evidence,evidence,delayed_visibility,6e5e8a31-8440-4971-8738-0a74a0509b45,2dfebac5-3100-4eca-b5b8-d09166d69106,0,39.171,3,0
code_build:32:0:langgraph_evidence,langgraph_evidence,stale_evidence,0b2b77d2-4995-44ad-ab7a-0dfc37c08bff,853a8b2f-f0f0-41af-983f-8e2e92f5a6d5,-1,-84.472,3,0
code_build:16:1:checkpoint,checkpoint,unavailable,26d1c9e5-d9ae-4af8-b103-dccf918402ad,c8582b7d-4f63-48f4-9cd3-cad7e4c65289,-1,-290.532,0,0
data_artifact:16:1:naive,naive,idempotent_lost_ack,877d02ec-f080-412a-b51d-e47d072bd941,46fa5543-accc-40da-adc4-11f0c7899b87,0,-0.189,0,0
code_build:4:0:verify,verify,delayed_visibility,8e7ccc6a-89ac-489f-8624-daf9d6b6f282,bb184e69-e076-4a4b-b447-704700f7836a,-1,25.774,1,1
code_build:32:1:langgraph_evidence,langgraph_evidence,no_effect_timeout,22013229-300e-42e7-a891-b15cb646e0d4,a5efd804-c37e-4877-b83e-ca4320885a5f,-1,-406.939,3,0
code_build:4:0:langgraph_evidence,langgraph_evidence,lost_ack,951a70e0-76ae-434f-a53f-b4bfacedf230,54db27a8-2b76-44bc-9b60-4d9f8a1fb649,0,74.36,1,0
data_artifact:16:1:no_freshness,no_freshness,delayed_visibility,d69c8ed3-93f9-4b08-a044-53ee0f0a788c,05c5e638-ae35-43da-ab85-747868caf2e9,0,25.407,3,0
code_build:16:1:no_freshness,no_freshness,unavailable,5d465e76-0a15-454c-bc57-9af388ce18ce,91732862-669e-4ff2-8c90-f35d9f4aaa75,-1,-278.687,3,0
code_build:16:0:checkpoint,checkpoint,delayed_visibility,52bba713-a159-438d-b9fc-e1e6b4ac25c1,240e7b55-65d5-4980-897f-985b896678d7,-1,-94.408,0,0
data_artifact:4:0:naive,naive,stale_evidence,e96aa429-47e9-4a89-a66b-a2fa6e1b3b06,f5ac2344-7d24-457d-8b26-f36a65defdfa,-1,4.118,0,1
data_artifact:32:1:verify,verify,idempotent_lost_ack,27a81e73-4b80-454f-8efd-61c6fe217ef0,efce7d57-51eb-4c1e-8de0-c3a3fad59559,0,-8.832,1,0
http_ticket:4:1:no_freshness,no_freshness,no_effect_timeout,548930e6-aa9e-4dfe-a304-afe3114302c3,c7b3d9fa-5b6a-4ad1-82b6-f068f558fd3d,-1,22.639,3,0
data_artifact:4:1:verify,verify,stale_evidence,f3dfee37-5d5a-44c8-b82d-25aa323b06c0,02e04c31-b48a-43aa-ab47-522a9950d339,-1,22.236,3,0
data_artifact:4:1:naive,naive,idempotent_lost_ack,8aaf463a-cb76-4c69-9504-2536ab3dc562,157ab7b2-f9d7-43ff-9815-cebd336241e4,0,5.481,0,0
http_ticket:32:0:evidence,evidence,unavailable,a42553db-68bf-452a-919c-9ebd5366c82f,8244559d-8b4b-465a-98cb-8bb4d0bde739,-1,-17.273,3,0
http_ticket:4:0:verify,verify,no_effect_timeout,ae88ab82-f3fc-4568-b866-9693de7602d9,43e337cf-cccb-4ff2-812f-9189ce40af31,0,7.721,1,0
http_ticket:4:1:naive,naive,idempotent_lost_ack,3b77c21a-2f87-4468-8720-fcbbf7de9a4f,e2f9d34b-45bf-4676-bc07-943c2e068194,0,6.229,0,0
data_artifact:32:0:verify,verify,idempotent_lost_ack,645990af-519c-49d6-9045-405766273f05,d590a712-18ce-43d4-a28e-ec4b669696e3,0,79.411,1,0
data_artifact:4:0:langgraph_evidence,langgraph_evidence,lost_ack,6b254cb7-68d2-4455-8cf6-019d2352ff19,79a83892-81c1-46c8-b1d0-b5cc9e084784,0,5.171,1,0
code_build:32:1:naive,naive,stale_evidence,d2f7081c-574d-4da5-903e-2c468c4f5755,5dae56af-ea60-4452-a84d-0b99d0ba3eb9,-1,106.68,0,1
code_build:16:1:langgraph_evidence,langgraph_evidence,delayed_visibility,a904194a-f58f-44a7-b475-3f94fec6beaa,6818dec3-ca06-41cb-91c4-3d36a8119708,0,41.494,3,0
code_build:16:1:evidence,evidence,delayed_visibility,ea6c1caf-b2a8-4be2-b302-743940974070,e60468d4-8f72-4ff7-a5e6-a249cf63b55d,0,30.434,3,0
data_artifact:16:1:naive,naive,unavailable,877d02ec-f080-412a-b51d-e47d072bd941,f7e6edcf-a469-429e-b5f4-3092a4af1058,-1,-2.722,0,1
http_ticket:4:0:evidence,evidence,idempotent_lost_ack,e9d95986-670f-4377-986b-c1658111fe8f,c26163d2-5bbc-415a-a0b8-fa37a1f446b5,0,4.64,1,0
http_ticket:32:0:checkpoint,checkpoint,no_effect_timeout,72f181b7-228b-4e9b-a276-5f384e02639f,0e7f747d-105a-4035-9e5c-d4a0aab92682,-1,-25.382,0,0
code_build:32:0:verify,verify,idempotent_lost_ack,7ed1f6c1-206d-46b0-84a0-6ccc60db040a,73797da4-6f6a-47f6-9ce2-12a445e60e03,0,98.387,1,0
data_artifact:16:0:verify,verify,lost_ack,29017259-b9f3-4103-865d-0198ebdf01d1,13b22ea6-6929-4220-9f6f-5fd4b8349196,0,79.678,1,0
code_build:4:1:no_freshness,no_freshness,idempotent_lost_ack,c1fb9400-e1bf-45ce-ad51-59844379adbf,006e1973-ed37-40dd-a244-9e99e8017a68,0,16.199,1,0
code_build:4:1:evidence,evidence,idempotent_lost_ack,6e5e8a31-8440-4971-8738-0a74a0509b45,281e9cb9-fb82-4d80-8633-2fa2563b8b05,0,42.314,1,0
http_ticket:32:1:idempotent,idempotent,unavailable,dde007a3-4bfc-4282-966a-801e5f8a0ac8,595af8fe-a785-4c81-9376-2e1883d06a00,-1,-79.087,0,0
http_ticket:16:1:langgraph_evidence,langgraph_evidence,delayed_visibility,4e0341e4-3df1-467f-ac2c-939406cf81c5,6071f586-55c6-4eec-a307-9e01df6dc0e5,0,31.836,3,0
code_build:16:0:idempotent,idempotent,no_effect_timeout,d603ffdd-36df-4e8a-85fb-0b1c6298f0bc,26572341-7de9-4174-8ccc-7a2d15dc2132,-1,-260.368,0,0
data_artifact:4:0:verify,verify,unavailable,85ef9874-63b9-4748-82ea-33d4c3521f68,ab6ea758-7cef-4c4c-9fb8-5250a0f24302,-1,38.132,3,0
http_ticket:16:0:evidence,evidence,unavailable,dc6d9a12-366d-45ae-a908-76f88b2237c2,97146b33-ef88-46b9-83c9-0a2f054e3e06,-1,21.835,3,0
data_artifact:4:1:langgraph_evidence,langgraph_evidence,stale_evidence,843eab03-fc99-409d-a727-b2e5095baa17,b5d19742-7e75-408e-bb62-294bf351287d,-1,38.625,3,0
data_artifact:32:1:evidence,evidence,no_effect_timeout,b26bf7a4-fec4-4fee-9418-1f4d16cbb2c8,906ff90c-ead6-41b6-b8cf-833c62321a33,-1,-60.388,3,0
http_ticket:4:0:naive,naive,idempotent_lost_ack,23853722-399f-49dc-bbcf-5a70ce280cac,ee06a12c-4345-406b-af26-7a770c4a6e43,0,4.235,0,0
code_build:32:0:verify,verify,no_effect_timeout,7ed1f6c1-206d-46b0-84a0-6ccc60db040a,2e2f3142-a44d-483f-83bd-f17211f1a73c,0,61.799,1,0
code_build:32:1:evidence,evidence,delayed_visibility,3dfa00d7-7875-4035-920d-7cfe177ab5ac,8914b24a-f4a9-4083-8e77-478b606333d7,0,-53.8,3,0
code_build:4:0:idempotent,idempotent,delayed_visibility,6b72842d-41de-44dd-aec9-110afcd56edc,80fcf336-1e04-47ad-a957-b1cbcb5262e2,-1,0.22,0,0
http_ticket:16:0:langgraph_evidence,langgraph_evidence,no_effect_timeout,e5c29275-6054-44d9-a741-586c64c7b594,121d8c57-d55e-4462-baf8-25cca02a9c91,-1,36.372,3,0
http_ticket:4:0:naive,naive,delayed_visibility,23853722-399f-49dc-bbcf-5a70ce280cac,300d90f6-5a1f-4f64-8d4e-6565bb877622,-1,0.689,0,1
code_build:4:0:idempotent,idempotent,unavailable,6b72842d-41de-44dd-aec9-110afcd56edc,e1fe643f-a109-45a1-9dc4-e15f3ff356da,-1,2.098,0,0
code_build:32:0:langgraph_evidence,langgraph_evidence,idempotent_lost_ack,0b2b77d2-4995-44ad-ab7a-0dfc37c08bff,f76716dd-8496-4f5c-915d-5defdc19d807,0,18.108,1,0
http_ticket:16:1:idempotent,idempotent,lost_ack,59986de9-5b3e-4532-a3fa-20060f428b46,f9179539-c047-480e-95a7-854d843437bb,-1,-40.286,0,0
data_artifact:32:0:no_freshness,no_freshness,unavailable,eb9b5d68-35bd-4b2b-813a-a0fdb25c9384,35939dc4-c0aa-4093-bd0f-3f7edb6cddec,-1,11.324,3,0
http_ticket:16:0:verify,verify,no_effect_timeout,ed2f5948-09a2-4746-80cc-630e17f83645,9adb78a0-610a-4d14-93eb-e7679eeb8c42,0,14.393,1,0
code_build:4:1:checkpoint,checkpoint,unavailable,76092788-dd7a-43fa-84ed-8b6741cccc2b,359385ac-71a7-4231-b638-fe58074cb6bb,-1,-34.634,0,0
data_artifact:16:1:verify,verify,lost_ack,2f2b9c9f-2085-4c3c-b5d1-a0e2fda50449,8d654818-1565-478e-a385-a72a5d4275d6,0,9.494,1,0
http_ticket:32:1:naive,naive,idempotent_lost_ack,249c9c12-0f12-4bdb-97c4-a4c107f44c7d,06d6071b-5cc4-44bb-b63e-29a53ce673f6,0,31.293,0,0
data_artifact:4:0:verify,verify,delayed_visibility,85ef9874-63b9-4748-82ea-33d4c3521f68,fc36e89d-024f-4798-b0d0-661b0151c3b3,-1,9.151,1,1
code_build:32:1:verify,verify,delayed_visibility,5d402961-204f-4ff9-9062-5025d7056abd,1ee08456-fc75-46da-a404-61ed31169bed,-1,13.443,1,1
code_build:16:0:checkpoint,checkpoint,no_effect_timeout,52bba713-a159-438d-b9fc-e1e6b4ac25c1,1f0182b7-b8a7-4092-8c70-5c2d342cebee,-1,-99.301,0,0
http_ticket:32:1:checkpoint,checkpoint,lost_ack,dd7d94ac-468f-4d47-a2c0-c89583049472,50fe4e14-a118-4054-878a-4ab68f97a7ed,-1,-81.024,0,0
http_ticket:4:0:langgraph_evidence,langgraph_evidence,unavailable,3878391b-6d55-4114-a92a-4e48681113cd,b0be2221-f7b9-46ad-8190-65ea9e264d1d,-1,42.759,3,0
data_artifact:4:0:no_freshness,no_freshness,lost_ack,fd2ca0ff-0f97-4beb-9f25-79de987a067f,a6279378-ead9-47d9-a308-0486276a3f13,0,5.555,1,0
data_artifact:16:1:idempotent,idempotent,no_effect_timeout,9e547e57-b9e7-4c7a-aee7-a8cf5c80672c,98b02a0e-b57b-498d-b167-7810113ded2d,-1,-27.686,0,0
code_build:16:0:evidence,evidence,delayed_visibility,987cfcce-354f-4faf-a10b-7e606a1c8bb6,eb89b591-90ce-4094-aed8-939881b06ec6,0,2.852,3,0
data_artifact:32:1:checkpoint,checkpoint,lost_ack,f402ea6f-2721-4790-9435-94e05332964e,5de6f092-a0ae-45b5-a29c-c5d0674b6255,-1,-81.889,0,0
code_build:16:1:no_freshness,no_freshness,delayed_visibility,5d465e76-0a15-454c-bc57-9af388ce18ce,8ec03299-4bb7-4e49-b5c6-4993fa49680e,0,-18.726,3,0
data_artifact:4:1:verify,verify,lost_ack,f3dfee37-5d5a-44c8-b82d-25aa323b06c0,0721b8d7-9c6a-4b1b-8716-5177d1a80703,0,7.102,1,0
code_build:16:1:verify,verify,lost_ack,dbc53987-812b-4587-84e3-96329331c8d0,a4f29edc-fb4d-4ae3-b358-339fe3203444,0,-36.613,1,0
data_artifact:16:1:no_freshness,no_freshness,idempotent_lost_ack,d69c8ed3-93f9-4b08-a044-53ee0f0a788c,02aa982e-75e1-49f4-9464-97760d59798b,0,-12.95,1,0
code_build:32:1:langgraph_evidence,langgraph_evidence,unavailable,22013229-300e-42e7-a891-b15cb646e0d4,43931cb5-ee4b-4e99-9064-d27e49c87116,-1,-390.784,3,0
http_ticket:32:1:evidence,evidence,delayed_visibility,64c67219-3d99-4dc7-9250-ff3a26b33838,4418f424-56c8-4394-bc9b-74f4c5534749,0,49.082,3,0
code_build:16:1:checkpoint,checkpoint,delayed_visibility,26d1c9e5-d9ae-4af8-b103-dccf918402ad,9acce0f2-0034-4b8f-8009-c6b7f9c1dd0f,-1,-281.423,0,0
data_artifact:4:1:checkpoint,checkpoint,idempotent_lost_ack,74265111-49f5-4773-b22b-b14d1bcee316,4684ec84-0fc3-46cf-a362-3a1b11dc281a,-1,-8.29,0,0
http_ticket:32:1:checkpoint,checkpoint,stale_evidence,dd7d94ac-468f-4d47-a2c0-c89583049472,37aa9ee3-af7a-4012-aeab-3b2b513c700b,-1,-78.839,0,0
http_ticket:16:0:evidence,evidence,lost_ack,dc6d9a12-366d-45ae-a908-76f88b2237c2,ffdafa22-a465-4927-a3dd-c25103968d01,0,-1.239,1,0
http_ticket:4:0:naive,naive,unavailable,23853722-399f-49dc-bbcf-5a70ce280cac,2b4d9813-f4a8-4e0f-a618-b18fd6d624c1,-1,-0.302,0,1
http_ticket:16:1:checkpoint,checkpoint,lost_ack,0a89c7dc-67bf-4a72-be96-f121dd4cd046,24f764af-237b-4d06-b8ca-e9fa05f31d7a,-1,-37.841,0,0
data_artifact:4:0:idempotent,idempotent,stale_evidence,26f4c90d-fb30-442d-9383-0340b9284325,9c054730-4263-4c5c-a281-3ea16dfb5f01,-1,2.3,0,0
code_build:4:0:verify,verify,stale_evidence,8e7ccc6a-89ac-489f-8624-daf9d6b6f282,fe966c51-7aa9-4399-9296-dd3ee44dd78d,-1,27.949,3,0
data_artifact:4:1:verify,verify,idempotent_lost_ack,f3dfee37-5d5a-44c8-b82d-25aa323b06c0,894e3c0f-c15e-4ec1-b38a-9b88bea69629,0,5.485,1,0
data_artifact:32:0:langgraph_evidence,langgraph_evidence,no_effect_timeout,98847aaa-a957-458f-a712-287d0f12b3ba,280ea1ee-c407-4296-879f-8dd8bacbc303,-1,31.389,3,0
data_artifact:32:0:verify,verify,stale_evidence,645990af-519c-49d6-9045-405766273f05,0c24c0dd-34d0-4ad9-8d1a-1a12e8688bf2,-1,23.085,3,0
data_artifact:4:1:naive,naive,delayed_visibility,8aaf463a-cb76-4c69-9504-2536ab3dc562,659c1369-043f-47e3-840d-586ef73427da,-1,6.575,0,1
code_build:4:0:evidence,evidence,delayed_visibility,69464cef-80a7-4526-bf3f-9a4e635bab23,f4c51016-1f21-4e31-9c1a-bc532a1292f9,0,47.325,3,0
http_ticket:16:1:checkpoint,checkpoint,stale_evidence,0a89c7dc-67bf-4a72-be96-f121dd4cd046,f6744a74-3fd9-4ffe-b77a-e39604fca68c,-1,-33.615,0,0
code_build:4:1:idempotent,idempotent,stale_evidence,639ec721-db0f-481e-827a-231bf2015870,325da3f7-f847-4c5a-a815-737b3e987723,-1,-37.044,0,0
data_artifact:4:0:verify,verify,idempotent_lost_ack,85ef9874-63b9-4748-82ea-33d4c3521f68,474b4626-e827-4bb7-878e-368385ad654c,0,12.191,1,0
http_ticket:32:0:naive,naive,lost_ack,1b41d6a8-1806-4bdf-8438-e8637397ba6a,8ab9693e-88c9-43e3-a91a-ab6b0d4a425e,-1,-19.752,0,1
http_ticket:32:1:evidence,evidence,lost_ack,64c67219-3d99-4dc7-9250-ff3a26b33838,5d68ae62-230f-436e-8e79-6ad2b38a0bfa,0,44.462,1,0
code_build:32:1:evidence,evidence,lost_ack,3dfa00d7-7875-4035-920d-7cfe177ab5ac,a4831a84-ed17-4233-b569-3663b6fd99be,0,-61.508,1,0
http_ticket:4:1:naive,naive,stale_evidence,3b77c21a-2f87-4468-8720-fcbbf7de9a4f,042f5f8b-fa00-4839-aecc-2b2bd8498734,-1,5.072,0,1
data_artifact:32:1:checkpoint,checkpoint,no_effect_timeout,f402ea6f-2721-4790-9435-94e05332964e,97d2ca85-e566-4c41-ba5c-e589c7e798a7,-1,-85.111,0,0
data_artifact:32:0:naive,naive,no_effect_timeout,555f4a49-517f-4554-8b2a-557c6b09b8fd,b882396a-dece-4beb-b193-ddae5ba70a27,0,8.569,0,0
http_ticket:4:1:verify,verify,lost_ack,e0bd4f28-bb08-436d-b339-a861baad7d29,99192711-b2b4-4e46-9cef-d52b216a861c,0,5.149,1,0
data_artifact:4:0:no_freshness,no_freshness,delayed_visibility,fd2ca0ff-0f97-4beb-9f25-79de987a067f,8930d75f-cd82-441d-b12d-5dea63ddbcab,0,33.39,3,0
http_ticket:16:1:verify,verify,delayed_visibility,e67f9416-1164-4512-9320-e8c2ebec9bd7,667adfe1-f3b6-491f-a10d-17b10777168c,-1,-5.418,1,1
http_ticket:32:1:evidence,evidence,unavailable,64c67219-3d99-4dc7-9250-ff3a26b33838,4ca6ea19-779a-4cba-9b60-51eb64b77dad,-1,-47.408,3,0
http_ticket:4:1:naive,naive,no_effect_timeout,3b77c21a-2f87-4468-8720-fcbbf7de9a4f,9f089ff7-67eb-4c36-8b1b-6997ab363e68,0,2.543,0,0
data_artifact:16:1:no_freshness,no_freshness,no_effect_timeout,d69c8ed3-93f9-4b08-a044-53ee0f0a788c,5c7e5484-d71e-4767-b2b9-d4420f6267ca,-1,-30.508,3,0
http_ticket:4:1:checkpoint,checkpoint,lost_ack,ec6baf38-0627-45d7-ab23-ca71919e4f8e,d9fadaa8-27b8-4a56-b03e-edb10f7b2669,-1,-12.01,0,0
code_build:16:0:verify,verify,stale_evidence,fadd97ef-4a06-4bca-a514-83deb89c810a,006c4d05-5998-4611-94ad-90d58485103e,-1,-30.138,3,0
code_build:4:1:no_freshness,no_freshness,lost_ack,c1fb9400-e1bf-45ce-ad51-59844379adbf,7e78b95c-e1a0-4553-8ed5-1ef7a1487b3c,0,7.28,1,0
data_artifact:32:0:idempotent,idempotent,unavailable,fe4c2cb3-f456-4466-a9ab-c1692e86714a,cf347664-6e85-4625-927b-dec06fd30802,-1,-18.38,0,0
data_artifact:16:0:no_freshness,no_freshness,idempotent_lost_ack,991e7038-4399-415c-8ed7-196b1f4b1194,a61ef2f7-fe28-4bb5-b34e-83ebb65292d2,0,-8.948,1,0
code_build:32:1:idempotent,idempotent,delayed_visibility,c8ae8ec1-ff16-4b3e-afa5-bd481a27cc14,7bd4bb29-4552-4422-84dc-293fac6b9cfc,-1,-515.133,0,0
data_artifact:16:1:evidence,evidence,idempotent_lost_ack,08edffbf-5cb5-426e-bc92-eb7c019b05f0,bfee556d-261e-4cc7-a4bf-7db92a4e3795,0,16.383,1,0
http_ticket:32:1:verify,verify,no_effect_timeout,8ed15151-00b0-4585-9a82-7e47a906c831,a8f347c6-8093-4be1-a736-e99f95a4c0d9,0,26.549,1,0
http_ticket:32:1:checkpoint,checkpoint,no_effect_timeout,dd7d94ac-468f-4d47-a2c0-c89583049472,2ea429b7-0429-4c32-90fc-9abbade7447a,-1,-77.565,0,0
http_ticket:32:1:verify,verify,delayed_visibility,8ed15151-00b0-4585-9a82-7e47a906c831,e46955c7-353b-4613-8a75-1e4b6f997f8d,-1,7.953,1,1
code_build:4:0:checkpoint,checkpoint,lost_ack,e9cfcde4-e3b6-4953-9f37-6469e20bd5a2,446bfca6-4fd8-4b55-9014-bd1a25266ae4,-1,-0.523,0,0
http_ticket:32:0:evidence,evidence,idempotent_lost_ack,a42553db-68bf-452a-919c-9ebd5366c82f,e17b2957-4577-42a4-96e6-98569852dcb7,0,9.895,1,0
code_build:4:1:evidence,evidence,stale_evidence,6e5e8a31-8440-4971-8738-0a74a0509b45,dfb3485b-4aea-4280-a413-c00f218713ce,-1,0.738,3,0
http_ticket:4:0:checkpoint,checkpoint,lost_ack,becf8368-b22a-4014-bc03-47f6f5e377fe,3ca826c2-a3c6-4ae5-8094-0611fcfae897,-1,-47.739,0,0
http_ticket:16:0:naive,naive,stale_evidence,37e76d73-4a88-4be3-b05e-3adb0848cf75,f3a2ef22-cd36-4f64-bfe3-bd3fe0131074,-1,2.321,0,1
http_ticket:16:1:checkpoint,checkpoint,delayed_visibility,0a89c7dc-67bf-4a72-be96-f121dd4cd046,fcb691aa-555e-4894-af4d-f16fcb703d62,-1,-33.695,0,0
data_artifact:32:1:idempotent,idempotent,unavailable,042e3031-c032-441b-aba0-102ed8e9a660,cd3136a0-91a6-410a-8747-60b34e7eeff6,-1,-88.25,0,0
code_build:16:0:checkpoint,checkpoint,stale_evidence,52bba713-a159-438d-b9fc-e1e6b4ac25c1,4ccb5d11-d2b3-41f1-875a-f40d77e78b45,-1,-78.421,0,0
data_artifact:4:1:no_freshness,no_freshness,idempotent_lost_ack,f21c0139-630c-4eb6-827d-16bbc1d11ac3,740806f2-cf91-4893-a932-4ce7c29948b4,0,7.093,1,0
http_ticket:32:1:langgraph_evidence,langgraph_evidence,lost_ack,587c6f50-00a7-461b-a1a8-c066e74e5443,9b43db88-0b9f-4264-a5ff-33cff00e0e0c,0,1.839,1,0
code_build:32:0:naive,naive,lost_ack,be9780b1-5947-4f39-b63e-d18b3214e7dd,883e9227-f876-451f-9948-7a6ea0118252,-1,-128.651,0,1
http_ticket:4:0:verify,verify,idempotent_lost_ack,ae88ab82-f3fc-4568-b866-9693de7602d9,a3ca4752-3bd9-411d-b430-c620390b72e3,0,12.026,1,0
data_artifact:4:1:naive,naive,lost_ack,8aaf463a-cb76-4c69-9504-2536ab3dc562,6031f98f-e5d9-40ff-815a-00e5d4146726,-1,7.753,0,1
http_ticket:16:1:evidence,evidence,no_effect_timeout,3b7f49db-1d1c-4831-b99b-a216dbd64842,35163f9c-9534-49ab-807b-25d2d8225c6d,-1,-11.663,3,0
data_artifact:16:0:no_freshness,no_freshness,lost_ack,991e7038-4399-415c-8ed7-196b1f4b1194,5c39cc52-3374-4a4e-a772-7cdc4c978170,0,-13.706,1,0
data_artifact:16:1:langgraph_evidence,langgraph_evidence,no_effect_timeout,a77f5597-0796-4956-ace1-444abb5f3b0c,292e47cb-2838-4396-ba1d-82a9bdf6a591,-1,22.042,3,0
http_ticket:4:0:verify,verify,delayed_visibility,ae88ab82-f3fc-4568-b866-9693de7602d9,2d47c192-c40c-4a88-b44d-b7675876a66d,-1,9.231,1,1
http_ticket:16:0:verify,verify,delayed_visibility,ed2f5948-09a2-4746-80cc-630e17f83645,1def6a3c-ffbd-4b4b-8319-4c9581d7214f,-1,9.923,1,1
http_ticket:16:1:langgraph_evidence,langgraph_evidence,stale_evidence,4e0341e4-3df1-467f-ac2c-939406cf81c5,bd658653-b307-4d12-a23a-e61786b52097,-1,21.452,3,0
http_ticket:4:0:langgraph_evidence,langgraph_evidence,delayed_visibility,3878391b-6d55-4114-a92a-4e48681113cd,474c0e00-22fa-4828-808f-f90fef068b26,0,30.064,3,0
http_ticket:16:1:naive,naive,lost_ack,32e205f7-7387-4eb5-8572-4960a6f1c48e,f4f7bf61-728f-4daa-8655-064fe69f990a,-1,1.965,0,1
data_artifact:16:1:idempotent,idempotent,delayed_visibility,9e547e57-b9e7-4c7a-aee7-a8cf5c80672c,5e08eca1-6721-45b4-8974-1db48910555d,-1,-38.237,0,0
http_ticket:16:0:checkpoint,checkpoint,delayed_visibility,7d8adfc7-9b14-4691-8ca1-55230296ea3e,46e42240-b653-493a-b8f8-ad6c5ae3b6db,-1,-11.244,0,0
http_ticket:4:0:evidence,evidence,no_effect_timeout,e9d95986-670f-4377-986b-c1658111fe8f,b3bd854f-3bcc-4dcc-8478-98466187d8a5,-1,30.972,3,0
data_artifact:16:0:checkpoint,checkpoint,unavailable,79661929-90fd-4a09-bdb2-25f33bfd48a8,2f9c59e7-a6d5-46d2-9b6c-0e4197c605b7,-1,-8.17,0,0
http_ticket:32:0:no_freshness,no_freshness,lost_ack,5976a1c7-a05b-476b-b7e0-da372bd74fdf,0bffa2e1-1f7a-49a6-81a8-d524bab8b583,0,-15.557,1,0
http_ticket:32:0:langgraph_evidence,langgraph_evidence,idempotent_lost_ack,bb41e196-6fdb-4d5b-95a6-8258bb6f6bd2,717dd819-745f-4082-b582-d8bfa288ae2c,0,25.265,1,0
code_build:16:0:no_freshness,no_freshness,delayed_visibility,bbdf1855-ed15-40ce-ade7-1ec8ee216044,38e155ab-66f9-4bd8-b1e9-9fd0c97da580,0,52.847,3,0
code_build:16:1:checkpoint,checkpoint,idempotent_lost_ack,26d1c9e5-d9ae-4af8-b103-dccf918402ad,d08db6ed-f751-48f0-ad69-356f9e9081c3,-1,-289.579,0,0
code_build:32:1:no_freshness,no_freshness,delayed_visibility,bf44ad8c-4f4f-4ab2-bdcb-1380bebdb08c,c6ba4aed-b175-40bc-bcf6-4c4d3c1bd769,0,1.127,3,0
http_ticket:32:1:verify,verify,lost_ack,8ed15151-00b0-4585-9a82-7e47a906c831,a6a371f6-d395-46a6-852a-7c0e46b701f0,0,6.216,1,0
code_build:16:0:langgraph_evidence,langgraph_evidence,unavailable,ca8f99a1-247b-42f4-8819-986a3ec3c104,88773367-74ff-4d7f-9c9b-c83e9339ee30,-1,-23.123,3,0
data_artifact:16:1:langgraph_evidence,langgraph_evidence,stale_evidence,a77f5597-0796-4956-ace1-444abb5f3b0c,472115e9-326a-4237-821f-e148a5c66c98,-1,26.318,3,0
data_artifact:4:1:no_freshness,no_freshness,no_effect_timeout,f21c0139-630c-4eb6-827d-16bbc1d11ac3,4bd6d3d9-f6b2-4026-9981-e30fee847db6,-1,21.974,3,0
data_artifact:4:0:naive,naive,idempotent_lost_ack,e96aa429-47e9-4a89-a66b-a2fa6e1b3b06,aa5095db-732f-4500-bf84-dd4539ba758f,0,6.63,0,0
code_build:16:0:checkpoint,checkpoint,lost_ack,52bba713-a159-438d-b9fc-e1e6b4ac25c1,45b0b54a-f6a2-4a74-a1cc-d76c559633ca,-1,-88.107,0,0
http_ticket:16:0:no_freshness,no_freshness,stale_evidence,1ad1a7e8-8b41-4379-8f9c-afa06d85bdcd,c0994190-16ff-4220-aa19-84e067ad3f83,0,13.249,1,0
data_artifact:4:1:evidence,evidence,unavailable,0f748af8-8500-4e26-8201-e0287482a49d,e82ec95b-dfde-41d1-9d7c-68693d8dbf77,-1,28.027,3,0
data_artifact:32:0:langgraph_evidence,langgraph_evidence,delayed_visibility,98847aaa-a957-458f-a712-287d0f12b3ba,95d62bec-c714-4b50-b165-f3ea7f105f14,0,32.39,3,0
code_build:16:0:langgraph_evidence,langgraph_evidence,idempotent_lost_ack,ca8f99a1-247b-42f4-8819-986a3ec3c104,96eea83e-8716-426f-9ac4-85224d305f55,0,10.201,1,0
code_build:4:1:verify,verify,delayed_visibility,cf23e7f6-f23a-457e-88dc-ff0d98905238,ec354ab2-821f-49f0-82d6-3007cbc697bb,-1,33.789,1,1
code_build:4:1:no_freshness,no_freshness,delayed_visibility,c1fb9400-e1bf-45ce-ad51-59844379adbf,563bf042-d93c-4df8-bed4-e3d718843ae7,0,34.516,3,0
data_artifact:16:0:verify,verify,unavailable,29017259-b9f3-4103-865d-0198ebdf01d1,78dca7a7-f6f8-4d4d-bb40-f1f0418ee125,-1,4.465,3,0
data_artifact:32:0:checkpoint,checkpoint,no_effect_timeout,683322b9-f3bc-4754-b3dc-28b49fbdea4a,d6ba0967-dce7-41e2-b700-1e67568a43be,-1,-20.061,0,0
code_build:16:0:evidence,evidence,lost_ack,987cfcce-354f-4faf-a10b-7e606a1c8bb6,1227ef28-a4d2-41ac-b6b2-0659cb62dcc4,0,-9.723,1,0
data_artifact:16:0:idempotent,idempotent,no_effect_timeout,671b81b8-475c-4168-b113-bd9ab154c7d9,fe7b0601-b054-4a61-b822-e48c83255253,-1,-9.723,0,0
data_artifact:4:1:naive,naive,stale_evidence,8aaf463a-cb76-4c69-9504-2536ab3dc562,e4bfcb8e-37d8-401b-a14d-7e5a344771bf,-1,5.642,0,1
http_ticket:32:0:idempotent,idempotent,lost_ack,b05477dd-ec9e-445b-a16f-c8fe435433f3,157ac4cf-248b-42ed-a05c-4e3ec6aad0c4,-1,-29.89,0,0
http_ticket:32:1:verify,verify,stale_evidence,8ed15151-00b0-4585-9a82-7e47a906c831,698cf369-e25d-4da6-998d-3cd8958f5c96,-1,-53.482,3,0
data_artifact:32:1:checkpoint,checkpoint,unavailable,f402ea6f-2721-4790-9435-94e05332964e,246815c4-5886-4ddc-ac38-b525156b9601,-1,-84.762,0,0
http_ticket:16:0:idempotent,idempotent,idempotent_lost_ack,86c9275b-c337-4dc7-8983-7dd4465cf739,6d975a9e-ad6b-4d78-8792-4bc1df3ff90a,0,2.869,0,0
code_build:32:0:langgraph_evidence,langgraph_evidence,unavailable,0b2b77d2-4995-44ad-ab7a-0dfc37c08bff,3c020468-7a0a-4d9c-87b6-f8ae9870cf61,-1,-117.608,3,0
data_artifact:32:0:idempotent,idempotent,idempotent_lost_ack,fe4c2cb3-f456-4466-a9ab-c1692e86714a,4b7e5ae7-45a8-4f53-9c39-32170be59973,0,34.265,0,0
http_ticket:16:0:idempotent,idempotent,no_effect_timeout,86c9275b-c337-4dc7-8983-7dd4465cf739,837e00ab-3157-4001-9792-97b6e8509add,-1,-21.56,0,0
data_artifact:4:0:langgraph_evidence,langgraph_evidence,delayed_visibility,6b254cb7-68d2-4455-8cf6-019d2352ff19,8443667e-5f15-4d33-ac70-f990badc4048,0,29.48,3,0
http_ticket:16:1:no_freshness,no_freshness,delayed_visibility,f690f466-8e2d-43b9-8699-2f2a3a6d8046,5d0b312e-a354-4d43-9f8b-e314dac78f93,0,33.603,3,0
http_ticket:16:0:langgraph_evidence,langgraph_evidence,idempotent_lost_ack,e5c29275-6054-44d9-a741-586c64c7b594,b18b5feb-612d-47b2-a967-443bb8dbfb0f,0,12.098,1,0
http_ticket:32:1:idempotent,idempotent,idempotent_lost_ack,dde007a3-4bfc-4282-966a-801e5f8a0ac8,02df047e-bc49-45dc-b90c-91c058540de1,0,17.506,0,0
http_ticket:32:0:idempotent,idempotent,no_effect_timeout,b05477dd-ec9e-445b-a16f-c8fe435433f3,06d4e4a4-327b-4b59-b98b-9b7a78b95189,-1,-33.225,0,0
code_build:32:1:verify,verify,idempotent_lost_ack,5d402961-204f-4ff9-9062-5025d7056abd,8b3174fa-523b-44b9-8ef1-33d230294809,0,48.761,1,0
data_artifact:16:0:naive,naive,stale_evidence,7e2f31e0-8e87-45eb-9b3e-82107dc827cf,b82ce38e-8679-41a7-b466-9ef82631cacc,-1,2.355,0,1
code_build:4:1:langgraph_evidence,langgraph_evidence,delayed_visibility,ea1a0248-6a6e-4d72-a96f-a3e58536b268,aa140552-5e2b-4b9d-8e42-a6931f22d26d,0,36.169,3,0
data_artifact:4:1:no_freshness,no_freshness,unavailable,f21c0139-630c-4eb6-827d-16bbc1d11ac3,69a72736-bade-4e03-beb8-916e32a5facc,-1,24.593,3,0
data_artifact:16:0:langgraph_evidence,langgraph_evidence,unavailable,db210209-478e-4872-a7e8-29c6be671fe8,af0f4d52-dfd0-4483-8ff2-1112a776e0fd,-1,25.727,3,0
http_ticket:16:1:naive,naive,stale_evidence,32e205f7-7387-4eb5-8572-4960a6f1c48e,cccafbcc-c239-4050-b043-6fcf29e9e402,-1,1.851,0,1
data_artifact:16:0:naive,naive,delayed_visibility,7e2f31e0-8e87-45eb-9b3e-82107dc827cf,f318b3b1-1146-4f0d-880b-7509b9925139,-1,1.851,0,1
code_build:32:0:idempotent,idempotent,no_effect_timeout,59c59ce8-cf84-4014-9cba-b5d28e36482b,4d5ed2ab-7557-4a30-9f4f-89a6b370307e,-1,-201.704,0,0
code_build:4:0:evidence,evidence,no_effect_timeout,69464cef-80a7-4526-bf3f-9a4e635bab23,364ce1fa-be07-45dd-8ae2-b7329c82706b,-1,28.97,3,0
http_ticket:32:0:langgraph_evidence,langgraph_evidence,lost_ack,bb41e196-6fdb-4d5b-95a6-8258bb6f6bd2,b160b185-418b-4fb7-ba8e-495439099b34,0,5.125,1,0
code_build:32:0:checkpoint,checkpoint,lost_ack,47bf1a4f-a876-4fbf-9a8a-e5cc499a578f,785e9c37-c2b6-4a23-9e4e-d1fd893071fd,-1,-132.773,0,0
data_artifact:4:1:evidence,evidence,lost_ack,0f748af8-8500-4e26-8201-e0287482a49d,c1df4dca-4f39-460c-928d-f6b7b1f2a34b,0,6.648,1,0
http_ticket:16:0:checkpoint,checkpoint,idempotent_lost_ack,7d8adfc7-9b14-4691-8ca1-55230296ea3e,f5681a2b-fe88-417a-ab8e-6551f7413deb,-1,-3.102,0,0
code_build:16:0:naive,naive,no_effect_timeout,608e2ad4-8911-4f44-a8f2-035118fd6812,08b3f9e3-f686-4039-8725-614398b5856b,0,17.57,0,0
http_ticket:32:0:evidence,evidence,stale_evidence,a42553db-68bf-452a-919c-9ebd5366c82f,9f87585f-7899-41ff-b2cb-552eee2d53c1,-1,-12.627,3,0
http_ticket:32:0:no_freshness,no_freshness,delayed_visibility,5976a1c7-a05b-476b-b7e0-da372bd74fdf,1c854fea-d24d-4837-9b84-bb6576b75436,0,12.419,3,0
code_build:4:1:evidence,evidence,no_effect_timeout,6e5e8a31-8440-4971-8738-0a74a0509b45,76a3f398-4cfc-4199-8777-1b823d1d6ed5,-1,-20.432,3,0
code_build:4:0:no_freshness,no_freshness,idempotent_lost_ack,fd8929f0-7b5d-4733-bf97-0649cf77d99b,7f4e21b0-f5f3-4836-8ab5-78bf806333ef,0,9.554,1,0
code_build:16:0:idempotent,idempotent,stale_evidence,d603ffdd-36df-4e8a-85fb-0b1c6298f0bc,c4b69eb8-76cc-4d76-a2a8-6c8c4e18bd17,-1,-258.494,0,0
data_artifact:32:0:evidence,evidence,no_effect_timeout,61f43596-600d-4031-8299-a3147585679c,0a652902-776d-4bd5-8969-d3e2db4da593,-1,18.131,3,0
http_ticket:32:0:langgraph_evidence,langgraph_evidence,unavailable,bb41e196-6fdb-4d5b-95a6-8258bb6f6bd2,f36340be-b76c-432b-bf65-b07684342ef6,-1,31.393,3,0
http_ticket:16:1:langgraph_evidence,langgraph_evidence,no_effect_timeout,4e0341e4-3df1-467f-ac2c-939406cf81c5,1210e443-7f00-4958-8edd-e593bb2c85ef,-1,21.234,3,0
http_ticket:4:0:checkpoint,checkpoint,delayed_visibility,becf8368-b22a-4014-bc03-47f6f5e377fe,05ffdb67-6178-463e-ba1f-efa5cd653996,-1,-46.449,0,0
http_ticket:32:0:verify,verify,stale_evidence,2ba741ed-cc5a-4153-ac9e-842a08db69df,931becf9-1315-4618-99a6-8a712953f929,-1,3.86,3,0
code_build:4:1:langgraph_evidence,langgraph_evidence,lost_ack,ea1a0248-6a6e-4d72-a96f-a3e58536b268,05c214e7-cbd6-4adf-82ae-76d8142b186c,0,6.753,1,0
code_build:4:0:langgraph_evidence,langgraph_evidence,no_effect_timeout,951a70e0-76ae-434f-a53f-b4bfacedf230,abd5fd72-6827-4b9e-ba63-5bd779de74d4,-1,30.408,3,0
http_ticket:4:0:no_freshness,no_freshness,idempotent_lost_ack,3f29afd5-6c06-4f8a-86ec-9f2c84881abc,7262ada1-7b18-4f05-99a9-fe2a09ab734e,0,10.492,1,0
http_ticket:16:1:idempotent,idempotent,idempotent_lost_ack,59986de9-5b3e-4532-a3fa-20060f428b46,14db1e8a-91d2-4c82-9f92-2f9c1602200d,0,17.806,0,0
code_build:32:0:no_freshness,no_freshness,idempotent_lost_ack,031a3b67-ab5d-4c70-ab3e-6d650e379045,bc694e48-a42b-475a-a504-ba226ccaa0b3,0,112.457,1,0
http_ticket:4:0:no_freshness,no_freshness,unavailable,3f29afd5-6c06-4f8a-86ec-9f2c84881abc,8ede55ef-5d79-4494-bb4b-3e04f5330dee,-1,31.523,3,0
data_artifact:16:0:langgraph_evidence,langgraph_evidence,idempotent_lost_ack,db210209-478e-4872-a7e8-29c6be671fe8,c73dc54d-bfbf-41b1-b700-92af89e6af76,0,2.674,1,0
code_build:4:1:verify,verify,idempotent_lost_ack,cf23e7f6-f23a-457e-88dc-ff0d98905238,3410f090-196c-44f7-8a88-e29f9647a7d8,0,19.687,1,0
code_build:16:0:naive,naive,unavailable,608e2ad4-8911-4f44-a8f2-035118fd6812,c7f727c6-b8ed-4284-b9fe-52d6122159e4,-1,93.319,0,1
code_build:32:1:evidence,evidence,no_effect_timeout,3dfa00d7-7875-4035-920d-7cfe177ab5ac,b2be3f90-32eb-4fe9-88e3-57f86707ff21,-1,-553.491,3,0
http_ticket:32:0:verify,verify,delayed_visibility,2ba741ed-cc5a-4153-ac9e-842a08db69df,610677b0-b574-4d38-93d0-d1a29483b4c6,-1,33.18,1,1
http_ticket:16:0:evidence,evidence,idempotent_lost_ack,dc6d9a12-366d-45ae-a908-76f88b2237c2,6a0ea900-a8f3-44f4-b187-a262e2c777b8,0,16.067,1,0
data_artifact:32:1:naive,naive,stale_evidence,92273b4a-8aa8-4f1f-a509-3856f2dfadc7,6a900624-f0c8-4a33-8c00-2a6bf5826941,-1,-2.411,0,1
code_build:4:0:langgraph_evidence,langgraph_evidence,idempotent_lost_ack,951a70e0-76ae-434f-a53f-b4bfacedf230,7b8be83c-1dd0-4e77-b308-0987e7d0adfe,0,25.306,1,0
http_ticket:4:1:evidence,evidence,lost_ack,fe45942a-ed27-4eed-8dfe-e5ebd0a0fe4c,ee444dcb-5768-4370-b860-31d65eabef86,0,8.248,1,0
http_ticket:4:0:langgraph_evidence,langgraph_evidence,lost_ack,3878391b-6d55-4114-a92a-4e48681113cd,c62cfbd1-74f0-44ac-b830-d52360a154b3,0,3.694,1,0
data_artifact:16:1:no_freshness,no_freshness,stale_evidence,d69c8ed3-93f9-4b08-a044-53ee0f0a788c,818d0e71-b52d-4e9a-9855-c04a0e233696,0,-6.166,1,0
data_artifact:4:1:checkpoint,checkpoint,unavailable,74265111-49f5-4773-b22b-b14d1bcee316,b8b3a468-ee26-4c37-bfbe-b33ac51ec86c,-1,-8.547,0,0
data_artifact:4:0:no_freshness,no_freshness,stale_evidence,fd2ca0ff-0f97-4beb-9f25-79de987a067f,f029d930-47d4-4e90-ad13-09d56d233798,0,4.751,1,0
http_ticket:16:1:verify,verify,unavailable,e67f9416-1164-4512-9320-e8c2ebec9bd7,56f64026-780b-458b-98fe-76d7340cce13,-1,-21.823,3,0
data_artifact:4:0:naive,naive,delayed_visibility,e96aa429-47e9-4a89-a66b-a2fa6e1b3b06,6a59e4fd-8245-49f0-a69d-e67523ce9e28,-1,4.004,0,1
http_ticket:32:1:no_freshness,no_freshness,no_effect_timeout,fd882c59-5eff-4b79-9999-1967c156daa3,244ec3b4-0e7e-496f-92aa-ccda9c891fb9,-1,-56.259,3,0
data_artifact:32:1:evidence,evidence,delayed_visibility,b26bf7a4-fec4-4fee-9418-1f4d16cbb2c8,84d3a100-b8ed-44ca-a5c6-929b3cb8be3d,0,28.009,3,0
data_artifact:16:1:no_freshness,no_freshness,lost_ack,d69c8ed3-93f9-4b08-a044-53ee0f0a788c,581e92b0-bd3d-4dbe-9fea-d0ff05ec5677,0,-17.185,1,0
code_build:4:0:idempotent,idempotent,idempotent_lost_ack,6b72842d-41de-44dd-aec9-110afcd56edc,64f80014-4d96-4707-826d-641e9038f2e3,0,8.374,0,0
http_ticket:4:0:checkpoint,checkpoint,stale_evidence,becf8368-b22a-4014-bc03-47f6f5e377fe,ddc0c775-bc37-4f94-9967-5e3d1c776627,-1,-46.694,0,0
code_build:16:1:langgraph_evidence,langgraph_evidence,stale_evidence,a904194a-f58f-44a7-b475-3f94fec6beaa,1913f74c-5556-487c-b258-5baddacf800f,-1,-155.462,3,0
code_build:4:1:idempotent,idempotent,lost_ack,639ec721-db0f-481e-827a-231bf2015870,a2bcf51b-687f-4ee3-85d7-8d4cb2fe4044,-1,-39.045,0,0
code_build:32:0:idempotent,idempotent,unavailable,59c59ce8-cf84-4014-9cba-b5d28e36482b,7f3a3d1b-138e-4470-adeb-b6e4a1e03971,-1,-203.873,0,0
code_build:32:0:naive,naive,delayed_visibility,be9780b1-5947-4f39-b63e-d18b3214e7dd,81b163e4-9852-494c-b711-04111153d393,-1,-132.356,0,1
http_ticket:16:0:verify,verify,stale_evidence,ed2f5948-09a2-4746-80cc-630e17f83645,0ed4e60d-a611-4aaa-8385-1d15e279e496,-1,24.388,3,0
http_ticket:16:1:verify,verify,no_effect_timeout,e67f9416-1164-4512-9320-e8c2ebec9bd7,2a97338a-ea6e-4da5-a527-2617e34311a6,0,-6.733,1,0
code_build:32:0:no_freshness,no_freshness,stale_evidence,031a3b67-ab5d-4c70-ab3e-6d650e379045,4ecba0e9-c5c4-44f9-ba04-069dc6f60dd6,0,89.847,1,0
data_artifact:32:1:idempotent,idempotent,no_effect_timeout,042e3031-c032-441b-aba0-102ed8e9a660,9a9d4312-b3f1-4c83-a349-1c8bcf5564da,-1,-85.986,0,0
data_artifact:4:1:evidence,evidence,idempotent_lost_ack,0f748af8-8500-4e26-8201-e0287482a49d,5fe64495-c0a7-4274-b64b-16aff8a90b39,0,10.433,1,0
data_artifact:4:1:checkpoint,checkpoint,stale_evidence,74265111-49f5-4773-b22b-b14d1bcee316,db5abc4b-8478-4229-a92b-4501e4f24ac9,-1,-3.529,0,0
http_ticket:4:1:naive,naive,lost_ack,3b77c21a-2f87-4468-8720-fcbbf7de9a4f,4bd8ee92-5b6a-40b2-8611-df79f59d083b,-1,5.704,0,1
http_ticket:4:1:evidence,evidence,stale_evidence,fe45942a-ed27-4eed-8dfe-e5ebd0a0fe4c,84432a84-c00f-43c0-880f-e5b5e4363f04,-1,22.918,3,0
http_ticket:32:0:idempotent,idempotent,unavailable,b05477dd-ec9e-445b-a16f-c8fe435433f3,bcb62e8c-776c-4a1d-a74b-81c1b7c066b5,-1,-27.337,0,0
http_ticket:16:1:evidence,evidence,lost_ack,3b7f49db-1d1c-4831-b99b-a216dbd64842,92cb611e-8e05-4a8b-b946-dde2590f16bd,0,2.541,1,0
data_artifact:4:0:evidence,evidence,no_effect_timeout,10945f0a-6449-4d6b-97a4-00145cf0cdb2,5b143dac-df58-44ef-9074-cc7400f92144,-1,25.472,3,0
data_artifact:32:0:evidence,evidence,idempotent_lost_ack,61f43596-600d-4031-8299-a3147585679c,bfd2f6ec-b1e9-4c96-9f56-0b7065fd114b,0,25.564,1,0
http_ticket:16:0:naive,naive,lost_ack,37e76d73-4a88-4be3-b05e-3adb0848cf75,18045bf8-99e5-40f4-89e1-58fab54aecc4,-1,16.403,0,1
data_artifact:16:1:naive,naive,stale_evidence,877d02ec-f080-412a-b51d-e47d072bd941,35ba13fe-77f1-4c34-9937-e4fdb44c8765,-1,1.005,0,1
code_build:16:1:idempotent,idempotent,stale_evidence,63bf8512-4def-4ee3-ae9e-7b1ef760b630,c083a231-3b1c-4037-83ae-713903c44705,-1,-253.251,0,0
code_build:4:0:evidence,evidence,unavailable,69464cef-80a7-4526-bf3f-9a4e635bab23,afd942b4-ecbc-4bee-9acf-31804d3da3be,-1,48.435,3,0
data_artifact:16:1:evidence,evidence,no_effect_timeout,08edffbf-5cb5-426e-bc92-eb7c019b05f0,4ad6d10c-c741-41e1-8df8-bd5f5e83ac75,-1,-9.149,3,0
data_artifact:16:0:evidence,evidence,delayed_visibility,8544842c-a518-4140-961c-8f09d6918ff5,08d6cf0d-a841-4134-bb44-dc5db5324a2c,0,33.327,3,0
code_build:4:1:verify,verify,stale_evidence,cf23e7f6-f23a-457e-88dc-ff0d98905238,491c92d0-56ff-4c9f-9f19-8f0c856267a8,-1,1.118,3,0
http_ticket:4:1:langgraph_evidence,langgraph_evidence,unavailable,cea134a4-0a46-4c10-912d-25fdb589bbd3,12ead503-bac1-471d-90ab-c4cbf372f855,-1,44.379,3,0
code_build:16:0:verify,verify,unavailable,fadd97ef-4a06-4bca-a514-83deb89c810a,54b6320b-6c0c-4384-b010-4d920e0c0b06,-1,-29.962,3,0
code_build:32:0:verify,verify,stale_evidence,7ed1f6c1-206d-46b0-84a0-6ccc60db040a,71a2ef40-009f-4b32-9190-ad5546c06c13,-1,-72.657,3,0
data_artifact:16:0:naive,naive,lost_ack,7e2f31e0-8e87-45eb-9b3e-82107dc827cf,bd0db769-1172-4f0f-a31b-d496226168c6,-1,1.635,0,1
code_build:32:0:evidence,evidence,delayed_visibility,cc0bfbff-2347-495d-a448-2032248dd622,85427533-f651-4d0a-8461-202a600f5170,0,-93.557,3,0
data_artifact:32:1:naive,naive,unavailable,92273b4a-8aa8-4f1f-a509-3856f2dfadc7,0f3f0c32-fb38-4460-a162-245354573fb5,-1,-17.347,0,1
data_artifact:16:0:langgraph_evidence,langgraph_evidence,no_effect_timeout,db210209-478e-4872-a7e8-29c6be671fe8,42423ea3-48a8-447b-bec9-25b2ed99ff3e,-1,25.542,3,0
data_artifact:32:1:no_freshness,no_freshness,delayed_visibility,40323201-c6ab-418c-aaac-63e9555f6202,b53667ad-8a47-4ba1-8900-98a063f202c7,0,43.857,3,0
data_artifact:32:0:verify,verify,delayed_visibility,645990af-519c-49d6-9045-405766273f05,051e780e-6c1a-4595-8bc1-cdfb913a3861,-1,19.66,1,1
data_artifact:32:1:idempotent,idempotent,delayed_visibility,042e3031-c032-441b-aba0-102ed8e9a660,a265e4e0-5619-421b-a6a8-cc6a89de6e90,-1,-85.372,0,0
data_artifact:32:0:no_freshness,no_freshness,lost_ack,eb9b5d68-35bd-4b2b-813a-a0fdb25c9384,a6bb8c2d-e1d4-4f7f-9eac-d23186ced710,0,8.239,1,0
code_build:32:1:idempotent,idempotent,unavailable,c8ae8ec1-ff16-4b3e-afa5-bd481a27cc14,01e57c02-b28b-4be7-9e3a-651dab514a2c,-1,-517.277,0,0
code_build:4:0:naive,naive,delayed_visibility,27735f52-17ca-46a1-bf2a-c610202f4686,c05193d7-4968-4615-b046-517c41935290,-1,-16.344,0,1
code_build:16:1:no_freshness,no_freshness,stale_evidence,5d465e76-0a15-454c-bc57-9af388ce18ce,f038aed3-8ea8-416d-8e28-d1b49f20a7e7,0,-31.81,1,0
data_artifact:32:0:no_freshness,no_freshness,idempotent_lost_ack,eb9b5d68-35bd-4b2b-813a-a0fdb25c9384,dbe55036-354d-4dfb-9450-7da090794ca7,0,35.56,1,0
data_artifact:4:0:checkpoint,checkpoint,delayed_visibility,107cba87-e243-47eb-9ee1-151fe4bfe51b,44002b8f-57ae-47c6-ad2f-607793f08bd6,-1,3.222,0,0
data_artifact:4:1:langgraph_evidence,langgraph_evidence,idempotent_lost_ack,843eab03-fc99-409d-a727-b2e5095baa17,422a3f47-84f2-481d-9639-df692be3d236,0,4.202,1,0
code_build:32:1:idempotent,idempotent,idempotent_lost_ack,c8ae8ec1-ff16-4b3e-afa5-bd481a27cc14,9ce6c544-2ed6-404c-9ce8-24c9dd3b6b75,0,7.189,0,0
http_ticket:16:0:checkpoint,checkpoint,unavailable,7d8adfc7-9b14-4691-8ca1-55230296ea3e,28ff6e49-10fc-4941-aba8-c0106e6adbee,-1,-1.963,0,0
data_artifact:16:0:verify,verify,delayed_visibility,29017259-b9f3-4103-865d-0198ebdf01d1,85985ecd-18be-4455-b67c-90a4907e9ea2,-1,-17.346,1,1
code_build:16:0:no_freshness,no_freshness,lost_ack,bbdf1855-ed15-40ce-ade7-1ec8ee216044,e0f167f6-0722-4254-a437-a7f64fc83864,0,22.453,1,0
data_artifact:32:1:no_freshness,no_freshness,lost_ack,40323201-c6ab-418c-aaac-63e9555f6202,8090f229-03ed-4cb7-83a9-0d368d228e89,0,13.813,1,0
http_ticket:16:1:no_freshness,no_freshness,unavailable,f690f466-8e2d-43b9-8699-2f2a3a6d8046,f9a1fa59-2a54-4550-af6e-f2cfaf6dd10b,-1,1.18,3,0
data_artifact:32:0:naive,naive,unavailable,555f4a49-517f-4554-8b2a-557c6b09b8fd,e26d4609-79ee-430d-af11-7cff38475973,-1,1.84,0,1
code_build:4:1:checkpoint,checkpoint,no_effect_timeout,76092788-dd7a-43fa-84ed-8b6741cccc2b,eaa1ec5a-b2c1-46ee-8aa7-48190820bec0,-1,-60.353,0,0
data_artifact:32:0:verify,verify,unavailable,645990af-519c-49d6-9045-405766273f05,35ec3cb7-5f21-4605-a7cd-94ed0d167b78,-1,16.309,3,0
http_ticket:32:0:verify,verify,idempotent_lost_ack,2ba741ed-cc5a-4153-ac9e-842a08db69df,3a4e1931-f33d-4506-a5b2-e4eadce7b056,0,23.158,1,0
data_artifact:4:1:langgraph_evidence,langgraph_evidence,unavailable,843eab03-fc99-409d-a727-b2e5095baa17,b3123462-499a-4f38-9208-423e79dfdfdc,-1,39.267,3,0
data_artifact:16:0:idempotent,idempotent,lost_ack,671b81b8-475c-4168-b113-bd9ab154c7d9,29676d5a-3a28-43d2-9b89-2fe7cd8832cc,-1,-13.638,0,0
http_ticket:16:1:idempotent,idempotent,delayed_visibility,59986de9-5b3e-4532-a3fa-20060f428b46,61c0551a-d1fb-4f0b-a67c-31ab339da287,-1,-43.512,0,0
code_build:4:1:checkpoint,checkpoint,delayed_visibility,76092788-dd7a-43fa-84ed-8b6741cccc2b,cee1f2d6-2e3e-4933-81ab-3f217459015c,-1,-40.376,0,0
data_artifact:4:0:idempotent,idempotent,idempotent_lost_ack,26f4c90d-fb30-442d-9383-0340b9284325,b31826e7-6eb5-4bb3-9ca6-a9c071dad4b3,0,7.87,0,0
code_build:4:0:idempotent,idempotent,stale_evidence,6b72842d-41de-44dd-aec9-110afcd56edc,f8e65aae-f811-46cd-a03e-ce5c5e6bbf66,-1,15.346,0,0
data_artifact:16:0:no_freshness,no_freshness,unavailable,991e7038-4399-415c-8ed7-196b1f4b1194,e827674f-e9ba-4761-a677-5d4a22aef642,-1,0.939,3,0
code_build:4:1:naive,naive,idempotent_lost_ack,a9df2326-2e73-4bdf-9374-4c03f069bd19,cdadd3db-2125-494e-9ae0-1f6aef87b86e,0,18.232,0,0
code_build:32:0:no_freshness,no_freshness,unavailable,031a3b67-ab5d-4c70-ab3e-6d650e379045,ac1a7b3e-0bc3-4084-8f91-d0bcdeb96b62,-1,-12.983,3,0
http_ticket:4:0:evidence,evidence,stale_evidence,e9d95986-670f-4377-986b-c1658111fe8f,4fa25805-3d3a-4d6b-85b9-b030b5acbed2,-1,33.586,3,0
http_ticket:4:1:verify,verify,unavailable,e0bd4f28-bb08-436d-b339-a861baad7d29,80fed7e0-6f58-4c05-a4d7-416b07834d3d,-1,25.859,3,0
data_artifact:4:0:langgraph_evidence,langgraph_evidence,stale_evidence,6b254cb7-68d2-4455-8cf6-019d2352ff19,3aa18b1c-965b-403c-a88e-503ccd816b85,-1,45.42,3,0
http_ticket:4:0:idempotent,idempotent,unavailable,a789784a-47a5-4c55-9c7c-8298cb403b03,65982c29-2bc7-40d9-8c09-e269b58bc7a7,-1,1.841,0,0
http_ticket:16:0:langgraph_evidence,langgraph_evidence,delayed_visibility,e5c29275-6054-44d9-a741-586c64c7b594,cafdfcfd-94f0-43ee-a8f5-628c4957f391,0,33.845,3,0
data_artifact:16:1:verify,verify,idempotent_lost_ack,2f2b9c9f-2085-4c3c-b5d1-a0e2fda50449,b81415b2-dd86-4351-b177-ba6c0f235bba,0,14.781,1,0
code_build:16:0:naive,naive,lost_ack,608e2ad4-8911-4f44-a8f2-035118fd6812,7cc946f4-6b11-48f3-ab3d-ea69b22afc72,-1,47.724,0,1
code_build:32:0:checkpoint,checkpoint,stale_evidence,47bf1a4f-a876-4fbf-9a8a-e5cc499a578f,8fb773aa-8eec-491b-a59a-423c97daa633,-1,-124.126,0,0
data_artifact:16:0:verify,verify,no_effect_timeout,29017259-b9f3-4103-865d-0198ebdf01d1,0c85f5db-5280-4c65-b106-b453451bf8f8,0,-8.66,1,0
data_artifact:16:1:verify,verify,no_effect_timeout,2f2b9c9f-2085-4c3c-b5d1-a0e2fda50449,6457bd95-cfc9-4b1a-891d-f1eb026a60ea,0,6.389,1,0
http_ticket:16:0:langgraph_evidence,langgraph_evidence,lost_ack,e5c29275-6054-44d9-a741-586c64c7b594,8eec7486-19cf-4e15-b3ff-2d2c2f3f0f9c,0,4.646,1,0
http_ticket:4:0:verify,verify,lost_ack,ae88ab82-f3fc-4568-b866-9693de7602d9,beb0647e-679d-48fb-9a57-9ecb5c8d21b5,0,7.12,1,0
code_build:4:1:no_freshness,no_freshness,unavailable,c1fb9400-e1bf-45ce-ad51-59844379adbf,332e4a8e-c5a9-4881-ad54-e4df82b78f6f,-1,-5.672,3,0
code_build:16:0:no_freshness,no_freshness,stale_evidence,bbdf1855-ed15-40ce-ade7-1ec8ee216044,df8a0a46-9857-4fa5-b481-3fcf0a38ce8e,0,18.776,1,0
data_artifact:16:0:verify,verify,stale_evidence,29017259-b9f3-4103-865d-0198ebdf01d1,373ab33f-f531-4872-b78d-348553119665,-1,5.144,3,0
http_ticket:32:1:no_freshness,no_freshness,idempotent_lost_ack,fd882c59-5eff-4b79-9999-1967c156daa3,eda4cdea-c0d6-44ff-973d-88d8ede15bd4,0,16.534,1,0
code_build:32:1:langgraph_evidence,langgraph_evidence,delayed_visibility,22013229-300e-42e7-a891-b15cb646e0d4,8d0aeeb2-44b9-42c4-8a12-f74d2cc5031f,0,63.21,3,0
http_ticket:16:1:no_freshness,no_freshness,lost_ack,f690f466-8e2d-43b9-8699-2f2a3a6d8046,79821ba3-01f2-447a-b23d-3e9d72e9e092,0,17.314,1,0
code_build:16:1:langgraph_evidence,langgraph_evidence,unavailable,a904194a-f58f-44a7-b475-3f94fec6beaa,a1bc2600-3195-49fa-83a0-4584b0818ecc,-1,-104.543,3,0
code_build:16:1:no_freshness,no_freshness,lost_ack,5d465e76-0a15-454c-bc57-9af388ce18ce,40a510f8-4ec8-449d-b1fe-8be5a240e9a4,0,-40.167,1,0
data_artifact:32:0:idempotent,idempotent,lost_ack,fe4c2cb3-f456-4466-a9ab-c1692e86714a,a3760201-4bd1-4424-82de-4372c63f8f0b,-1,-1.904,0,0
http_ticket:4:0:verify,verify,stale_evidence,ae88ab82-f3fc-4568-b866-9693de7602d9,035ab7cb-432a-4005-bd1c-0a7cc4d491cd,-1,35.903,3,0
http_ticket:4:1:evidence,evidence,no_effect_timeout,fe45942a-ed27-4eed-8dfe-e5ebd0a0fe4c,86ad9277-d856-42ee-95b9-5677cefda0ac,-1,24.132,3,0
http_ticket:32:0:checkpoint,checkpoint,stale_evidence,72f181b7-228b-4e9b-a276-5f384e02639f,46a64461-50ca-4df2-a17f-3d2cba684b48,-1,-2.833,0,0
code_build:32:1:no_freshness,no_freshness,idempotent_lost_ack,bf44ad8c-4f4f-4ab2-bdcb-1380bebdb08c,ff6f4573-2315-4266-a9e1-1affe0e7a8f8,0,60.459,1,0
code_build:16:0:evidence,evidence,stale_evidence,987cfcce-354f-4faf-a10b-7e606a1c8bb6,159401e0-bb7c-471b-9b21-ca8dca753993,-1,-30.051,3,0
code_build:32:0:evidence,evidence,stale_evidence,cc0bfbff-2347-495d-a448-2032248dd622,7272be1b-323a-4213-9f21-2670133273a2,-1,-208.928,3,0
code_build:32:1:evidence,evidence,unavailable,3dfa00d7-7875-4035-920d-7cfe177ab5ac,919dfb02-0a8e-40c7-b0c7-311df40cfbec,-1,-548.371,3,0
http_ticket:4:1:verify,verify,stale_evidence,e0bd4f28-bb08-436d-b339-a861baad7d29,33a954dd-3623-40c9-be18-4e4c6717355b,-1,27.134,3,0
http_ticket:4:0:idempotent,idempotent,idempotent_lost_ack,a789784a-47a5-4c55-9c7c-8298cb403b03,f642317b-d562-4b96-a4dd-f109632785f2,0,7.821,0,0
http_ticket:32:1:langgraph_evidence,langgraph_evidence,stale_evidence,587c6f50-00a7-461b-a1a8-c066e74e5443,cb207a7d-171e-41c3-a41e-462865b8bad3,-1,9.069,3,0
http_ticket:4:0:evidence,evidence,lost_ack,e9d95986-670f-4377-986b-c1658111fe8f,d1db77d2-da76-4f4c-9a28-008c5b9e7969,0,4.267,1,0
http_ticket:4:0:no_freshness,no_freshness,stale_evidence,3f29afd5-6c06-4f8a-86ec-9f2c84881abc,eb0cd28a-092a-450d-a9d5-9bd08bcf63d2,0,3.51,1,0
http_ticket:4:1:checkpoint,checkpoint,delayed_visibility,ec6baf38-0627-45d7-ab23-ca71919e4f8e,f00ca6df-3ec1-44b8-a42b-b5a20055a104,-1,-9.571,0,0
code_build:4:0:naive,naive,idempotent_lost_ack,27735f52-17ca-46a1-bf2a-c610202f4686,02af3f16-2eb7-4213-9288-957d66261e1c,0,-24.064,0,0
data_artifact:4:0:verify,verify,stale_evidence,85ef9874-63b9-4748-82ea-33d4c3521f68,75b329cf-36f6-4bae-bafd-67fc7107734a,-1,35.102,3,0
data_artifact:32:0:checkpoint,checkpoint,stale_evidence,683322b9-f3bc-4754-b3dc-28b49fbdea4a,d34941e1-d8a2-4133-be94-b15684caaddf,-1,-16.132,0,0
code_build:32:1:naive,naive,unavailable,d2f7081c-574d-4da5-903e-2c468c4f5755,4350d20f-f8dd-4189-8fbc-3f5d6435f898,-1,45.722,0,1
code_build:16:1:naive,naive,lost_ack,4dd3ec40-dd21-4906-8a19-a9638de1f5e8,6698cecd-8fc0-46e3-b421-a661d8481200,-1,45.819,0,1
http_ticket:32:0:checkpoint,checkpoint,unavailable,72f181b7-228b-4e9b-a276-5f384e02639f,9e5d28d6-ee09-4923-982f-3676804f7aa9,-1,-24.693,0,0
code_build:16:1:evidence,evidence,idempotent_lost_ack,ea6c1caf-b2a8-4be2-b302-743940974070,f98e1940-8c99-41ab-8c0e-1e0662a81421,0,33.882,1,0
data_artifact:32:1:naive,naive,delayed_visibility,92273b4a-8aa8-4f1f-a509-3856f2dfadc7,032bc864-87da-4c6f-b1bb-6c6c150a4183,-1,20.738,0,1
data_artifact:4:1:checkpoint,checkpoint,no_effect_timeout,74265111-49f5-4773-b22b-b14d1bcee316,02e02000-5d6d-421c-a3cc-ee40f594ff6d,-1,-9.261,0,0
http_ticket:32:0:no_freshness,no_freshness,stale_evidence,5976a1c7-a05b-476b-b7e0-da372bd74fdf,f81a1523-ab4c-4b9e-8342-ffa61c1387a3,0,-15.03,1,0
code_build:4:0:evidence,evidence,stale_evidence,69464cef-80a7-4526-bf3f-9a4e635bab23,4e5fd94d-1857-4a8a-bfa5-d0da08ee2752,-1,46.867,3,0
data_artifact:16:0:naive,naive,unavailable,7e2f31e0-8e87-45eb-9b3e-82107dc827cf,1abb6d8f-e10a-4113-86c4-64ca760965ed,-1,5.209,0,1
code_build:32:0:evidence,evidence,no_effect_timeout,cc0bfbff-2347-495d-a448-2032248dd622,bb8e1957-b009-46e6-bb0b-01ad6d15daa9,-1,-242.894,3,0
http_ticket:16:0:langgraph_evidence,langgraph_evidence,unavailable,e5c29275-6054-44d9-a741-586c64c7b594,82f2a134-f485-44aa-971a-ab720845afb0,-1,38.528,3,0
code_build:16:0:naive,naive,stale_evidence,608e2ad4-8911-4f44-a8f2-035118fd6812,87746e2c-7058-49ed-95d6-aa152f63d32a,-1,49.163,0,1
data_artifact:32:0:langgraph_evidence,langgraph_evidence,idempotent_lost_ack,98847aaa-a957-458f-a712-287d0f12b3ba,8ce63fcd-cc8b-43e0-bb8f-256b5539ccba,0,31.135,1,0
data_artifact:32:0:checkpoint,checkpoint,unavailable,683322b9-f3bc-4754-b3dc-28b49fbdea4a,6aa8c237-ce10-464b-8651-70f762cb67da,-1,-21.948,0,0
http_ticket:4:1:langgraph_evidence,langgraph_evidence,idempotent_lost_ack,cea134a4-0a46-4c10-912d-25fdb589bbd3,16ae9baf-7d5b-4cfc-9b00-0fd1eae39c70,0,15.781,1,0
code_build:32:1:langgraph_evidence,langgraph_evidence,stale_evidence,22013229-300e-42e7-a891-b15cb646e0d4,737bcea2-9f1a-440a-b49a-c92f33d10ae5,-1,-379.307,3,0
code_build:16:1:idempotent,idempotent,no_effect_timeout,63bf8512-4def-4ee3-ae9e-7b1ef760b630,53846a7b-72d2-4a0d-8f32-05ed5b354229,-1,-269.445,0,0
data_artifact:4:0:idempotent,idempotent,delayed_visibility,26f4c90d-fb30-442d-9383-0340b9284325,1de56366-b548-4151-9d1c-19e3ddae70b6,-1,2.811,0,0
http_ticket:4:1:idempotent,idempotent,lost_ack,e9788d21-f935-4647-b8d4-347f5ecb4ba2,230f46b7-a69d-43be-9da0-096e48244fea,-1,-5.769,0,0
http_ticket:4:1:langgraph_evidence,langgraph_evidence,lost_ack,cea134a4-0a46-4c10-912d-25fdb589bbd3,ccf993d5-80e1-43f6-b354-30edefde9a4f,0,2.292,1,0
http_ticket:4:0:idempotent,idempotent,lost_ack,a789784a-47a5-4c55-9c7c-8298cb403b03,9bb5ca03-f9b2-463c-8082-be74b6efea00,-1,5.808,0,0
code_build:4:1:idempotent,idempotent,idempotent_lost_ack,639ec721-db0f-481e-827a-231bf2015870,0cd0d4ac-fb86-4eda-8079-0bf93679b051,0,19.587,0,0
data_artifact:32:1:langgraph_evidence,langgraph_evidence,lost_ack,730e195b-b160-4d89-91c9-55dadcf8d6ee,bd128c74-397e-4044-bdb1-5c0de3d4db1f,0,1.613,1,0
data_artifact:16:1:idempotent,idempotent,idempotent_lost_ack,9e547e57-b9e7-4c7a-aee7-a8cf5c80672c,cb57bd94-1fc2-472e-9882-c69987ebd098,0,13.089,0,0
http_ticket:4:1:idempotent,idempotent,no_effect_timeout,e9788d21-f935-4647-b8d4-347f5ecb4ba2,d2bc5c1a-bf0c-4c28-b226-165d6867333a,-1,-7.204,0,0
code_build:32:0:langgraph_evidence,langgraph_evidence,no_effect_timeout,0b2b77d2-4995-44ad-ab7a-0dfc37c08bff,bf65f3fb-ee6f-4050-ba2a-4a8a3d66e3fd,-1,-108.126,3,0
data_artifact:4:0:naive,naive,lost_ack,e96aa429-47e9-4a89-a66b-a2fa6e1b3b06,843a5381-bb59-4fa2-83e8-cbfb9a3466fa,-1,5.113,0,1
code_build:32:1:checkpoint,checkpoint,delayed_visibility,42dd9675-9ab9-4b7f-83e4-82b686e20224,c1e3feef-0755-4e20-aa6f-0e6ea01b82e9,-1,-509.435,0,0
data_artifact:32:0:no_freshness,no_freshness,stale_evidence,eb9b5d68-35bd-4b2b-813a-a0fdb25c9384,cbc98356-fc92-4f01-81a5-d9d8edb2d69c,0,11.339,1,0
data_artifact:16:0:idempotent,idempotent,idempotent_lost_ack,671b81b8-475c-4168-b113-bd9ab154c7d9,52382a04-4a51-4eb2-8572-d4b4837ff923,0,14.495,0,0
code_build:32:1:verify,verify,unavailable,5d402961-204f-4ff9-9062-5025d7056abd,856de1d1-5a78-48fd-9a88-bb10e9485d75,-1,-466.03,3,0
http_ticket:32:1:naive,naive,lost_ack,249c9c12-0f12-4bdb-97c4-a4c107f44c7d,0f0ebf54-8fc3-41df-a2c9-9980b6c361ea,-1,10.283,0,1
http_ticket:16:1:naive,naive,idempotent_lost_ack,32e205f7-7387-4eb5-8572-4960a6f1c48e,9afb1773-5fd5-42f8-9358-027824aa08d2,0,13.942,0,0
http_ticket:4:1:idempotent,idempotent,idempotent_lost_ack,e9788d21-f935-4647-b8d4-347f5ecb4ba2,d0d0c564-6bda-4d62-92f7-accf961bdf12,0,7.741,0,0
http_ticket:32:1:naive,naive,no_effect_timeout,249c9c12-0f12-4bdb-97c4-a4c107f44c7d,2c29fd23-a850-4231-8853-bacaa0950c02,0,11.3,0,0
code_build:32:1:checkpoint,checkpoint,no_effect_timeout,42dd9675-9ab9-4b7f-83e4-82b686e20224,e504e8e9-16f5-4e1f-97bc-e5ea09b5e831,-1,-536.645,0,0
code_build:32:0:verify,verify,lost_ack,7ed1f6c1-206d-46b0-84a0-6ccc60db040a,f4e825e1-eb13-4beb-af77-6c23786824d1,0,95.685,1,0
data_artifact:4:0:checkpoint,checkpoint,no_effect_timeout,107cba87-e243-47eb-9ee1-151fe4bfe51b,c06c35f3-5d2a-45a0-b4d3-3dd61cad1a2d,-1,1.988,0,0
http_ticket:4:1:no_freshness,no_freshness,lost_ack,548930e6-aa9e-4dfe-a304-afe3114302c3,34cf6e23-63a8-4694-bc57-e4d0cabf20c9,0,8.173,1,0
code_build:16:1:langgraph_evidence,langgraph_evidence,lost_ack,a904194a-f58f-44a7-b475-3f94fec6beaa,8ca48f17-662c-4eeb-b98f-eea7ffab7cc3,0,20.305,1,0
http_ticket:16:1:evidence,evidence,delayed_visibility,3b7f49db-1d1c-4831-b99b-a216dbd64842,6f1a68c4-a1c6-46c0-8148-e8cb30ab6595,0,32.428,3,0
data_artifact:4:0:langgraph_evidence,langgraph_evidence,no_effect_timeout,6b254cb7-68d2-4455-8cf6-019d2352ff19,eae2d844-8233-446f-a75b-56ebe3674122,-1,41.952,3,0
code_build:32:1:verify,verify,stale_evidence,5d402961-204f-4ff9-9062-5025d7056abd,cfa68aa1-b192-480d-8604-6d175f90de3e,-1,-465.778,3,0
data_artifact:4:1:verify,verify,delayed_visibility,f3dfee37-5d5a-44c8-b82d-25aa323b06c0,07f8fa6d-5690-439e-945b-272ac9999562,-1,6.184,1,1
code_build:32:1:evidence,evidence,idempotent_lost_ack,3dfa00d7-7875-4035-920d-7cfe177ab5ac,8a455610-e3de-413b-9935-6871e535c4cf,0,-4.814,1,0
data_artifact:16:0:evidence,evidence,stale_evidence,8544842c-a518-4140-961c-8f09d6918ff5,755c1414-3d07-4ebd-a7bc-c01a71282138,-1,20.075,3,0
code_build:16:1:idempotent,idempotent,unavailable,63bf8512-4def-4ee3-ae9e-7b1ef760b630,ca8290c3-2397-4bd9-ad8c-06b7099887b6,-1,-245.933,0,0
data_artifact:16:0:checkpoint,checkpoint,stale_evidence,79661929-90fd-4a09-bdb2-25f33bfd48a8,c20694ad-07b9-4a81-8ae0-2162de3d740c,-1,-9.307,0,0
data_artifact:4:0:checkpoint,checkpoint,unavailable,107cba87-e243-47eb-9ee1-151fe4bfe51b,74d4ca4b-3cf6-47e0-b9f8-b927925270fd,-1,1.523,0,0
code_build:16:0:no_freshness,no_freshness,no_effect_timeout,bbdf1855-ed15-40ce-ade7-1ec8ee216044,35f58d5f-2548-4335-856f-b2b927e02d57,-1,-27.39,3,0
code_build:32:0:idempotent,idempotent,delayed_visibility,59c59ce8-cf84-4014-9cba-b5d28e36482b,5cb19867-fbaa-4f2c-a291-efe73ed4f3a9,-1,-146.118,0,0
http_ticket:16:0:evidence,evidence,delayed_visibility,dc6d9a12-366d-45ae-a908-76f88b2237c2,6ddf29a3-4ab0-4e4e-a989-6009829e7146,0,35.737,3,0
http_ticket:4:1:no_freshness,no_freshness,delayed_visibility,548930e6-aa9e-4dfe-a304-afe3114302c3,c4e09e5f-315a-45c1-99a7-61d4533184c1,0,33.521,3,0
code_build:16:1:naive,naive,stale_evidence,4dd3ec40-dd21-4906-8a19-a9638de1f5e8,d4a0a751-d045-4ecc-992b-4460a95b685c,-1,125.126,0,1
http_ticket:4:0:langgraph_evidence,langgraph_evidence,idempotent_lost_ack,3878391b-6d55-4114-a92a-4e48681113cd,6911b11b-204d-4781-900f-46d58c925592,0,5.324,1,0
data_artifact:16:1:naive,naive,delayed_visibility,877d02ec-f080-412a-b51d-e47d072bd941,13673348-90b9-43e1-96fe-167d6c325850,-1,-9.48,0,1
http_ticket:16:0:idempotent,idempotent,lost_ack,86c9275b-c337-4dc7-8983-7dd4465cf739,4279c0f7-ebae-470a-a32b-e49994bf7705,-1,-23.191,0,0
http_ticket:16:0:no_freshness,no_freshness,idempotent_lost_ack,1ad1a7e8-8b41-4379-8f9c-afa06d85bdcd,c27b63cd-046e-4b28-9a7f-8600eb74e506,0,20.797,1,0
code_build:4:1:langgraph_evidence,langgraph_evidence,unavailable,ea1a0248-6a6e-4d72-a96f-a3e58536b268,70a98544-b792-4d2b-9619-1d31d6ab3a02,-1,15.161,3,0
http_ticket:4:1:no_freshness,no_freshness,idempotent_lost_ack,548930e6-aa9e-4dfe-a304-afe3114302c3,d707138f-30f2-4d9a-ae84-2e8974647adb,0,8.876,1,0
http_ticket:32:0:langgraph_evidence,langgraph_evidence,stale_evidence,bb41e196-6fdb-4d5b-95a6-8258bb6f6bd2,d7126e5b-2bed-4add-8f7b-b71e75dcb0e9,-1,36.053,3,0
code_build:4:0:no_freshness,no_freshness,lost_ack,fd8929f0-7b5d-4733-bf97-0649cf77d99b,e868fa9d-a001-4f08-bb86-16f950de4fff,0,11.198,1,0
http_ticket:4:0:evidence,evidence,delayed_visibility,e9d95986-670f-4377-986b-c1658111fe8f,eda5ac41-0d13-4521-8fbf-6d4e6afc930e,0,32.65,3,0
http_ticket:4:0:langgraph_evidence,langgraph_evidence,no_effect_timeout,3878391b-6d55-4114-a92a-4e48681113cd,b16fc666-c244-4548-847f-28a683102a3c,-1,47.364,3,0
code_build:16:1:idempotent,idempotent,lost_ack,63bf8512-4def-4ee3-ae9e-7b1ef760b630,d014a14d-7c9a-4886-b775-d664ba379a86,-1,-245.56,0,0
code_build:16:0:langgraph_evidence,langgraph_evidence,delayed_visibility,ca8f99a1-247b-42f4-8819-986a3ec3c104,4367b199-5b1d-46df-a9d3-223ad8effd4a,0,62.576,3,0
data_artifact:32:0:langgraph_evidence,langgraph_evidence,lost_ack,98847aaa-a957-458f-a712-287d0f12b3ba,f2204237-2cb8-4806-bb02-6ece35252310,0,5.359,1,0
code_build:32:1:naive,naive,delayed_visibility,d2f7081c-574d-4da5-903e-2c468c4f5755,79b105ae-ee81-4c6c-8aa6-1eaef79529a4,-1,185.28,0,1
http_ticket:16:1:langgraph_evidence,langgraph_evidence,lost_ack,4e0341e4-3df1-467f-ac2c-939406cf81c5,bfb4691a-8dfe-4194-8688-17bebad5c8bb,0,1.784,1,0
data_artifact:16:1:checkpoint,checkpoint,idempotent_lost_ack,58d7c1c8-945a-411c-a619-67cb39cff77f,ab243eb8-9d1d-4e6b-a5f4-4fd875ff9a17,-1,-45.469,0,0
data_artifact:4:1:idempotent,idempotent,delayed_visibility,e39a4830-cc77-4098-8e36-4569dfb6421a,9ee5ceea-b699-4d23-8c3e-27a5035a0fbe,-1,-7.346,0,0
data_artifact:32:0:verify,verify,lost_ack,645990af-519c-49d6-9045-405766273f05,63fb8e7c-da4e-4b6c-bc80-81143cb61233,0,28.684,1,0
http_ticket:16:0:evidence,evidence,no_effect_timeout,dc6d9a12-366d-45ae-a908-76f88b2237c2,6c5b2a22-456a-409f-b2e7-eef184d539fa,-1,18.631,3,0
http_ticket:16:1:naive,naive,unavailable,32e205f7-7387-4eb5-8572-4960a6f1c48e,05ef6f90-ac7a-4cd8-953d-097c7eff8060,-1,0.07,0,1
code_build:4:1:naive,naive,delayed_visibility,a9df2326-2e73-4bdf-9374-4c03f069bd19,168bbb57-5faf-490f-afba-eba908e80ffe,-1,36.723,0,1
code_build:4:1:naive,naive,no_effect_timeout,a9df2326-2e73-4bdf-9374-4c03f069bd19,2636fdf1-e488-481c-a3c8-07a551ba2963,0,41.835,0,0
http_ticket:16:0:naive,naive,idempotent_lost_ack,37e76d73-4a88-4be3-b05e-3adb0848cf75,cf335e74-5a48-4aeb-9f31-b8db09c56a6e,0,102.792,0,0
